fung,AI,isolate,code,date_measured,DPI,trt,rate_ppm,rep,length_mm,width_mm,avg_mm,area
Aprovia,Benzovindiflupyr,GD-16-1,SB1,8/3/23,7,1,0,1,84,84,79,4901.525375
Aprovia,Benzovindiflupyr,GD-16-1,SB1,8/3/23,7,1,0,2,84,84,79,4901.525375
Aprovia,Benzovindiflupyr,GD-16-1,SB1,8/3/23,7,1,0,3,84,84,79,4901.525375
Aprovia,Benzovindiflupyr,GD-16-1,SB1,8/3/23,7,1,0.01,1,83.93,82.32,78.125,4793.039641
Aprovia,Benzovindiflupyr,GD-16-1,SB1,8/3/23,7,1,0.01,2,79.03,80.93,74.98,4414.669763
Aprovia,Benzovindiflupyr,GD-16-1,SB1,8/3/23,7,1,0.01,3,84,84,79,4901.525375
Aprovia,Benzovindiflupyr,GD-16-1,SB1,8/3/23,7,1,0.1,1,67.49,72.97,65.23,3335.837352
Aprovia,Benzovindiflupyr,GD-16-1,SB1,8/3/23,7,1,0.1,2,76.78,75.03,70.905,3947.886452
Aprovia,Benzovindiflupyr,GD-16-1,SB1,8/3/23,7,1,0.1,3,73.91,72.24,68.075,3639.04166
Aprovia,Benzovindiflupyr,GD-16-1,SB1,8/3/23,7,1,1,1,19.83,19.24,14.535,165.8548642
Aprovia,Benzovindiflupyr,GD-16-1,SB1,8/3/23,7,1,1,2,11.55,10.34,5.945,27.47006138
Aprovia,Benzovindiflupyr,GD-16-1,SB1,8/3/23,7,1,1,3,15.57,13.35,9.46,69.31680481
Aprovia,Benzovindiflupyr,GD-16-1,SB1,8/3/23,7,1,10,1,8.1,6.6,2.35,3.89546
Aprovia,Benzovindiflupyr,GD-16-1,SB1,8/3/23,7,1,10,2,10.84,6.19,3.515,5.4580421
Aprovia,Benzovindiflupyr,GD-16-1,SB1,8/3/23,7,1,10,3,7.17,7.82,2.495,4.806023775
Aprovia,Benzovindiflupyr,GD-16-1,SB1,8/3/23,7,1,100,1,5.51,5.8,0.655,0.320433
Aprovia,Benzovindiflupyr,GD-16-1,SB1,8/3/23,7,1,100,2,6.27,5.62,0.945,0.618404275
Aprovia,Benzovindiflupyr,GD-16-1,SB1,8/3/23,7,1,100,3,5.67,5.87,0.77,0.457795088
Aprovia,Benzovindiflupyr,GD-16-1,SB1,8/3/23,7,1,500,1,5,5,0,0
Aprovia,Benzovindiflupyr,GD-16-1,SB1,8/3/23,7,1,500,2,5,5,0,0
Aprovia,Benzovindiflupyr,GD-16-1,SB1,8/3/23,7,1,500,3,5,5,0,0
Aprovia,Benzovindiflupyr,GD-16-1,SB1,8/3/23,7,1,1000,1,5,5,0,0
Aprovia,Benzovindiflupyr,GD-16-1,SB1,8/3/23,7,1,1000,2,5,5,0,0
Aprovia,Benzovindiflupyr,GD-16-1,SB1,8/3/23,7,1,1000,3,5,5,0,0
Aprovia,Benzovindiflupyr,LrwHC-1,SB15,8/3/23,7,1,0,1,84,84,79,4901.525375
Aprovia,Benzovindiflupyr,LrwHC-1,SB15,8/3/23,7,1,0,2,84,84,79,4901.525375
Aprovia,Benzovindiflupyr,LrwHC-1,SB15,8/3/23,7,1,0,3,75.81,72.48,69.145,3752.725005
Aprovia,Benzovindiflupyr,LrwHC-1,SB15,8/3/23,7,1,0.01,1,80.43,74.07,72.25,4091.76456
Aprovia,Benzovindiflupyr,LrwHC-1,SB15,8/3/23,7,1,0.01,2,71.52,64.13,62.825,3089.137164
Aprovia,Benzovindiflupyr,LrwHC-1,SB15,8/3/23,7,1,0.01,3,80.52,79.49,75.005,4418.115125
Aprovia,Benzovindiflupyr,LrwHC-1,SB15,8/3/23,7,1,0.1,1,53.34,49.29,46.315,1681.471068
Aprovia,Benzovindiflupyr,LrwHC-1,SB15,8/3/23,7,1,0.1,2,55.95,56.2,51.075,2048.76064
Aprovia,Benzovindiflupyr,LrwHC-1,SB15,8/3/23,7,1,0.1,3,56.76,48.55,47.655,1770.351486
Aprovia,Benzovindiflupyr,LrwHC-1,SB15,8/3/23,7,1,1,1,15.47,15.87,10.67,89.38266484
Aprovia,Benzovindiflupyr,LrwHC-1,SB15,8/3/23,7,1,1,2,13.23,12.42,7.825,47.96018098
Aprovia,Benzovindiflupyr,LrwHC-1,SB15,8/3/23,7,1,1,3,14.17,14.14,9.155,65.82526318
Aprovia,Benzovindiflupyr,LrwHC-1,SB15,8/3/23,7,1,10,1,10.87,9.72,5.295,21.7599139
Aprovia,Benzovindiflupyr,LrwHC-1,SB15,8/3/23,7,1,10,2,8.22,7.62,2.92,6.62573765
Aprovia,Benzovindiflupyr,LrwHC-1,SB15,8/3/23,7,1,10,3,10.71,10.75,5.73,25.78582469
Aprovia,Benzovindiflupyr,LrwHC-1,SB15,8/3/23,7,1,100,1,5,5,0,0
Aprovia,Benzovindiflupyr,LrwHC-1,SB15,8/3/23,7,1,100,2,6.86,5.84,1.35,1.2270699
Aprovia,Benzovindiflupyr,LrwHC-1,SB15,8/3/23,7,1,100,3,5.41,5.91,0.66,0.293023413
Aprovia,Benzovindiflupyr,LrwHC-1,SB15,8/3/23,7,1,500,1,5,5,0,0
Aprovia,Benzovindiflupyr,LrwHC-1,SB15,8/3/23,7,1,500,2,5,5,0,0
Aprovia,Benzovindiflupyr,LrwHC-1,SB15,8/3/23,7,1,500,3,5,5,0,0
Aprovia,Benzovindiflupyr,LrwHC-1,SB15,8/3/23,7,1,1000,1,5,5,0,0
Aprovia,Benzovindiflupyr,LrwHC-1,SB15,8/3/23,7,1,1000,2,5,5,0,0
Aprovia,Benzovindiflupyr,LrwHC-1,SB15,8/3/23,7,1,1000,3,5,5,0,0
Aprovia,Benzovindiflupyr,GD-16-1,SB1,12/21/23,7,2,0,1,84,84,79,4901.525375
Aprovia,Benzovindiflupyr,GD-16-1,SB1,12/21/23,7,2,0,2,84,84,79,4901.525375
Aprovia,Benzovindiflupyr,GD-16-1,SB1,12/21/23,7,2,0,3,84,84,79,4901.525375
Aprovia,Benzovindiflupyr,GD-16-1,SB1,12/21/23,7,2,0.01,1,73.16,73.35,68.255,3658.854786
Aprovia,Benzovindiflupyr,GD-16-1,SB1,12/21/23,7,2,0.01,2,79.33,78.64,73.985,4298.876665
Aprovia,Benzovindiflupyr,GD-16-1,SB1,12/21/23,7,2,0.01,3,79.99,81.65,75.82,4514.322541
Aprovia,Benzovindiflupyr,GD-16-1,SB1,12/21/23,7,2,0.1,1,59.19,58.63,53.91,2282.464443
Aprovia,Benzovindiflupyr,GD-16-1,SB1,12/21/23,7,2,0.1,2,61.68,58.68,55.18,2389.568152
Aprovia,Benzovindiflupyr,GD-16-1,SB1,12/21/23,7,2,0.1,3,59.93,53.39,51.66,2087.575993
Aprovia,Benzovindiflupyr,GD-16-1,SB1,12/21/23,7,2,1,1,21.98,22.86,17.42,238.1750216
Aprovia,Benzovindiflupyr,GD-16-1,SB1,12/21/23,7,2,1,2,28.8,25.36,22.08,380.567593
Aprovia,Benzovindiflupyr,GD-16-1,SB1,12/21/23,7,2,1,3,22.65,23.37,18.01,254.6425289
Aprovia,Benzovindiflupyr,GD-16-1,SB1,12/21/23,7,2,10,1,11.89,14.19,8.04,49.72923816
Aprovia,Benzovindiflupyr,GD-16-1,SB1,12/21/23,7,2,10,2,20.23,13.15,11.69,97.48427919
Aprovia,Benzovindiflupyr,GD-16-1,SB1,12/21/23,7,2,10,3,17.1,13.12,10.11,77.1646645
Aprovia,Benzovindiflupyr,GD-16-1,SB1,12/21/23,7,2,100,1,7.6,7.04,2.32,4.165629
Aprovia,Benzovindiflupyr,GD-16-1,SB1,12/21/23,7,2,100,2,6.99,6.29,1.64,2.016136163
Aprovia,Benzovindiflupyr,GD-16-1,SB1,12/21/23,7,2,100,3,5.63,6,0.815,0.49478625
Aprovia,Benzovindiflupyr,GD-16-1,SB1,12/21/23,7,2,500,1,5,5,0,0
Aprovia,Benzovindiflupyr,GD-16-1,SB1,12/21/23,7,2,500,2,5,5,0,0
Aprovia,Benzovindiflupyr,GD-16-1,SB1,12/21/23,7,2,500,3,5,5,0,0
Aprovia,Benzovindiflupyr,GD-16-1,SB1,12/21/23,7,2,1000,1,5,5,0,0
Aprovia,Benzovindiflupyr,GD-16-1,SB1,12/21/23,7,2,1000,2,5,5,0,0
Aprovia,Benzovindiflupyr,GD-16-1,SB1,12/21/23,7,2,1000,3,5,5,0,0
Aprovia,Benzovindiflupyr,LrwHC-1,SB15,12/21/23,7,2,0,1,84,84,79,4901.525375
Aprovia,Benzovindiflupyr,LrwHC-1,SB15,12/21/23,7,2,0,2,84,84,79,4901.525375
Aprovia,Benzovindiflupyr,LrwHC-1,SB15,12/21/23,7,2,0,3,84,84,79,4901.525375
Aprovia,Benzovindiflupyr,LrwHC-1,SB15,12/21/23,7,2,0.01,1,69.53,80.51,70.02,3826.865583
Aprovia,Benzovindiflupyr,LrwHC-1,SB15,12/21/23,7,2,0.01,2,76.92,78.61,72.765,4157.799754
Aprovia,Benzovindiflupyr,LrwHC-1,SB15,12/21/23,7,2,0.01,3,80.73,82.4,76.565,4603.477133
Aprovia,Benzovindiflupyr,LrwHC-1,SB15,12/21/23,7,2,0.1,1,67.42,60.28,58.85,2709.997383
Aprovia,Benzovindiflupyr,LrwHC-1,SB15,12/21/23,7,2,0.1,2,64.93,62.03,58.48,2684.260879
Aprovia,Benzovindiflupyr,LrwHC-1,SB15,12/21/23,7,2,0.1,3,57.97,50.49,49.23,1892.443762
Aprovia,Benzovindiflupyr,LrwHC-1,SB15,12/21/23,7,2,1,1,29.04,32,25.52,509.771205
Aprovia,Benzovindiflupyr,LrwHC-1,SB15,12/21/23,7,2,1,2,32.17,28.42,25.295,499.7509195
Aprovia,Benzovindiflupyr,LrwHC-1,SB15,12/21/23,7,2,1,3,27.58,24.49,21.035,345.6311286
Aprovia,Benzovindiflupyr,LrwHC-1,SB15,12/21/23,7,2,10,1,20.45,16.74,13.595,142.4536736
Aprovia,Benzovindiflupyr,LrwHC-1,SB15,12/21/23,7,2,10,2,18.72,19.2,13.96,153.009899
Aprovia,Benzovindiflupyr,LrwHC-1,SB15,12/21/23,7,2,10,3,15.71,16.18,10.945,94.03907468
Aprovia,Benzovindiflupyr,LrwHC-1,SB15,12/21/23,7,2,100,1,13.06,11.14,7.1,38.86695215
Aprovia,Benzovindiflupyr,LrwHC-1,SB15,12/21/23,7,2,100,2,8.75,7.22,2.985,6.538246875
Aprovia,Benzovindiflupyr,LrwHC-1,SB15,12/21/23,7,2,100,3,12.09,9.21,5.65,23.44257984
Aprovia,Benzovindiflupyr,LrwHC-1,SB15,12/21/23,7,2,500,1,5,5,0,0
Aprovia,Benzovindiflupyr,LrwHC-1,SB15,12/21/23,7,2,500,2,5,5,0,0
Aprovia,Benzovindiflupyr,LrwHC-1,SB15,12/21/23,7,2,500,3,5,5,0,0
Aprovia,Benzovindiflupyr,LrwHC-1,SB15,12/21/23,7,2,1000,1,5,5,0,0
Aprovia,Benzovindiflupyr,LrwHC-1,SB15,12/21/23,7,2,1000,2,5,5,0,0
Aprovia,Benzovindiflupyr,LrwHC-1,SB15,12/21/23,7,2,1000,3,5,5,0,0
Cabrio,Pyraclostrobin,GD-16-1,SB1,8/11/23,7,1,0,1,84,84,79,4901.525375
Cabrio,Pyraclostrobin,GD-16-1,SB1,8/11/23,7,1,0,2,84,84,79,4901.525375
Cabrio,Pyraclostrobin,GD-16-1,SB1,8/11/23,7,1,0,3,84,84,79,4901.525375
Cabrio,Pyraclostrobin,GD-16-1,SB1,8/11/23,7,1,0.01,1,84,84,79,4901.525375
Cabrio,Pyraclostrobin,GD-16-1,SB1,8/11/23,7,1,0.01,2,84,84,79,4901.525375
Cabrio,Pyraclostrobin,GD-16-1,SB1,8/11/23,7,1,0.01,3,84,84,79,4901.525375
Cabrio,Pyraclostrobin,GD-16-1,SB1,8/11/23,7,1,0.1,1,84,84,79,4901.525375
Cabrio,Pyraclostrobin,GD-16-1,SB1,8/11/23,7,1,0.1,2,84,84,79,4901.525375
Cabrio,Pyraclostrobin,GD-16-1,SB1,8/11/23,7,1,0.1,3,82.01,84,78.005,4778.056571
Cabrio,Pyraclostrobin,GD-16-1,SB1,8/11/23,7,1,1,1,64.72,66.58,60.65,2888.2618
Cabrio,Pyraclostrobin,GD-16-1,SB1,8/11/23,7,1,1,2,60.26,58.04,54.15,2301.926585
Cabrio,Pyraclostrobin,GD-16-1,SB1,8/11/23,7,1,1,3,49.54,49.46,44.5,1555.237587
Cabrio,Pyraclostrobin,GD-16-1,SB1,8/11/23,7,1,10,1,42.61,40.76,36.685,1056.277226
Cabrio,Pyraclostrobin,GD-16-1,SB1,8/11/23,7,1,10,2,35.5,35.16,30.33,722.450755
Cabrio,Pyraclostrobin,GD-16-1,SB1,8/11/23,7,1,10,3,35.83,35.76,30.795,744.7953021
Cabrio,Pyraclostrobin,GD-16-1,SB1,8/11/23,7,1,100,1,23.25,23.35,18.3,263.0122703
Cabrio,Pyraclostrobin,GD-16-1,SB1,8/11/23,7,1,100,2,23.46,23.27,18.365,264.8788711
Cabrio,Pyraclostrobin,GD-16-1,SB1,8/11/23,7,1,100,3,22.12,24.52,18.32,262.4585024
Cabrio,Pyraclostrobin,GD-16-1,SB1,8/11/23,7,1,500,1,23.88,23.22,18.55,270.1639736
Cabrio,Pyraclostrobin,GD-16-1,SB1,8/11/23,7,1,500,2,20.67,19.07,14.87,173.1570453
Cabrio,Pyraclostrobin,GD-16-1,SB1,8/11/23,7,1,500,3,21.48,20.24,15.86,197.2510152
Cabrio,Pyraclostrobin,GD-16-1,SB1,8/11/23,7,1,1000,1,21.28,20.91,16.095,203.4237486
Cabrio,Pyraclostrobin,GD-16-1,SB1,8/11/23,7,1,1000,2,16.1,13.66,9.88,75.49495725
Cabrio,Pyraclostrobin,GD-16-1,SB1,8/11/23,7,1,1000,3,6.82,7.95,2.385,4.216678375
Cabrio,Pyraclostrobin,LrwHC-1,SB15,8/11/23,7,1,0,1,84,84,79,4901.525375
Cabrio,Pyraclostrobin,LrwHC-1,SB15,8/11/23,7,1,0,2,84,84,79,4901.525375
Cabrio,Pyraclostrobin,LrwHC-1,SB15,8/11/23,7,1,0,3,84,84,79,4901.525375
Cabrio,Pyraclostrobin,LrwHC-1,SB15,8/11/23,7,1,0.01,1,84,84,79,4901.525375
Cabrio,Pyraclostrobin,LrwHC-1,SB15,8/11/23,7,1,0.01,2,84,84,79,4901.525375
Cabrio,Pyraclostrobin,LrwHC-1,SB15,8/11/23,7,1,0.01,3,81.1,84,77.55,4721.595963
Cabrio,Pyraclostrobin,LrwHC-1,SB15,8/11/23,7,1,0.1,1,75.23,73.73,69.48,3790.932792
Cabrio,Pyraclostrobin,LrwHC-1,SB15,8/11/23,7,1,0.1,2,84,84,79,4901.525375
Cabrio,Pyraclostrobin,LrwHC-1,SB15,8/11/23,7,1,0.1,3,81.39,76.96,74.175,4317.225538
Cabrio,Pyraclostrobin,LrwHC-1,SB15,8/11/23,7,1,1,1,39.33,32.97,31.15,754.1250073
Cabrio,Pyraclostrobin,LrwHC-1,SB15,8/11/23,7,1,1,2,68.78,76.94,67.86,3603.562187
Cabrio,Pyraclostrobin,LrwHC-1,SB15,8/11/23,7,1,1,3,60.33,51.85,51.09,2035.857321
Cabrio,Pyraclostrobin,LrwHC-1,SB15,8/11/23,7,1,10,1,32.42,32.37,27.395,589.412471
Cabrio,Pyraclostrobin,LrwHC-1,SB15,8/11/23,7,1,10,2,38.5,40.06,34.28,922.4307913
Cabrio,Pyraclostrobin,LrwHC-1,SB15,8/11/23,7,1,10,3,44.08,47.54,40.81,1305.657036
Cabrio,Pyraclostrobin,LrwHC-1,SB15,8/11/23,7,1,100,1,43.89,44.38,39.135,1202.792545
Cabrio,Pyraclostrobin,LrwHC-1,SB15,8/11/23,7,1,100,2,42.17,44.68,38.425,1158.353986
Cabrio,Pyraclostrobin,LrwHC-1,SB15,8/11/23,7,1,100,3,41.82,40.19,36.005,1017.607089
Cabrio,Pyraclostrobin,LrwHC-1,SB15,8/11/23,7,1,500,1,25.71,25.21,20.46,328.7179994
Cabrio,Pyraclostrobin,LrwHC-1,SB15,8/11/23,7,1,500,2,25.31,21.56,18.435,264.1480011
Cabrio,Pyraclostrobin,LrwHC-1,SB15,8/11/23,7,1,500,3,47.89,44.57,41.23,1332.904914
Cabrio,Pyraclostrobin,LrwHC-1,SB15,8/11/23,7,1,1000,1,20.27,17.85,14.06,154.1058898
Cabrio,Pyraclostrobin,LrwHC-1,SB15,8/11/23,7,1,1000,2,36.35,27.01,26.68,541.9193526
Cabrio,Pyraclostrobin,LrwHC-1,SB15,8/11/23,7,1,1000,3,17.79,13.51,10.65,85.48249259
Cabrio,Pyraclostrobin,GD-16-1,SB1,1/12/24,7,2,0,1,84,84,,4901.525375
Cabrio,Pyraclostrobin,GD-16-1,SB1,1/12/24,7,2,0,2,84,84,,4901.525375
Cabrio,Pyraclostrobin,GD-16-1,SB1,1/12/24,7,2,0,3,84,84,,4901.525375
Cabrio,Pyraclostrobin,GD-16-1,SB1,1/12/24,7,2,0.01,1,81.84,84,,4767.508985
Cabrio,Pyraclostrobin,GD-16-1,SB1,1/12/24,7,2,0.01,2,81.37,78.94,,4434.853822
Cabrio,Pyraclostrobin,GD-16-1,SB1,1/12/24,7,2,0.01,3,78.94,77.64,,4218.250382
Cabrio,Pyraclostrobin,GD-16-1,SB1,1/12/24,7,2,0.1,1,71.27,69.31,,3347.129788
Cabrio,Pyraclostrobin,GD-16-1,SB1,1/12/24,7,2,0.1,2,78.1,78.52,,4220.850287
Cabrio,Pyraclostrobin,GD-16-1,SB1,1/12/24,7,2,0.1,3,81.54,80.47,,4536.698111
Cabrio,Pyraclostrobin,GD-16-1,SB1,1/12/24,7,2,1,1,81.81,81.94,,4641.37886
Cabrio,Pyraclostrobin,GD-16-1,SB1,1/12/24,7,2,1,2,80.2,82.8,,4594.88356
Cabrio,Pyraclostrobin,GD-16-1,SB1,1/12/24,7,2,1,3,67.65,53.58,,2390.317871
Cabrio,Pyraclostrobin,GD-16-1,SB1,1/12/24,7,2,10,1,48.3,42.89,,1288.515284
Cabrio,Pyraclostrobin,GD-16-1,SB1,1/12/24,7,2,10,2,14.63,12.14,,54.00097133
Cabrio,Pyraclostrobin,GD-16-1,SB1,1/12/24,7,2,10,3,5,5,,0
Cabrio,Pyraclostrobin,GD-16-1,SB1,1/12/24,7,2,100,1,46.72,39.37,,1126.162093
Cabrio,Pyraclostrobin,GD-16-1,SB1,1/12/24,7,2,100,2,46.27,44.64,,1284.828577
Cabrio,Pyraclostrobin,GD-16-1,SB1,1/12/24,7,2,100,3,14.09,12.61,,54.32823709
Cabrio,Pyraclostrobin,GD-16-1,SB1,1/12/24,7,2,500,1,39.61,36.14,,846.4421473
Cabrio,Pyraclostrobin,GD-16-1,SB1,1/12/24,7,2,500,2,15.76,12.85,,66.33748475
Cabrio,Pyraclostrobin,GD-16-1,SB1,1/12/24,7,2,500,3,14.35,13.28,,60.80216175
Cabrio,Pyraclostrobin,GD-16-1,SB1,1/12/24,7,2,1000,1,5,5,,0
Cabrio,Pyraclostrobin,GD-16-1,SB1,1/12/24,7,2,1000,2,5,5,,0
Cabrio,Pyraclostrobin,GD-16-1,SB1,1/12/24,7,2,1000,3,34.56,27.23,,516.0846776
Cabrio,Pyraclostrobin,LrwHC-1,SB15,1/12/24,7,2,0,1,84,84,,4901.525375
Cabrio,Pyraclostrobin,LrwHC-1,SB15,1/12/24,7,2,0,2,84,84,,4901.525375
Cabrio,Pyraclostrobin,LrwHC-1,SB15,1/12/24,7,2,0,3,84,84,,4901.525375
Cabrio,Pyraclostrobin,LrwHC-1,SB15,1/12/24,7,2,0.01,1,63.81,63.11,,2683.979087
Cabrio,Pyraclostrobin,LrwHC-1,SB15,1/12/24,7,2,0.01,2,65.67,64.33,,2826.997445
Cabrio,Pyraclostrobin,LrwHC-1,SB15,1/12/24,7,2,0.01,3,70.86,67.07,,3210.558181
Cabrio,Pyraclostrobin,LrwHC-1,SB15,1/12/24,7,2,0.1,1,31.64,30.33,,529.9641387
Cabrio,Pyraclostrobin,LrwHC-1,SB15,1/12/24,7,2,0.1,2,5,5,,0
Cabrio,Pyraclostrobin,LrwHC-1,SB15,1/12/24,7,2,0.1,3,5,5,,0
Cabrio,Pyraclostrobin,LrwHC-1,SB15,1/12/24,7,2,1,1,5,5,,0
Cabrio,Pyraclostrobin,LrwHC-1,SB15,1/12/24,7,2,1,2,54.44,52.29,,1836.220573
Cabrio,Pyraclostrobin,LrwHC-1,SB15,1/12/24,7,2,1,3,56.6,63.03,,2351.686061
Cabrio,Pyraclostrobin,LrwHC-1,SB15,1/12/24,7,2,10,1,5,5,,0
Cabrio,Pyraclostrobin,LrwHC-1,SB15,1/12/24,7,2,10,2,24.61,23.02,,277.5296916
Cabrio,Pyraclostrobin,LrwHC-1,SB15,1/12/24,7,2,10,3,34.84,35.91,,724.3940869
Cabrio,Pyraclostrobin,LrwHC-1,SB15,1/12/24,7,2,100,1,5,5,,0
Cabrio,Pyraclostrobin,LrwHC-1,SB15,1/12/24,7,2,100,2,19.81,18.22,,153.7671576
Cabrio,Pyraclostrobin,LrwHC-1,SB15,1/12/24,7,2,100,3,9.73,9.09,,15.19362914
Cabrio,Pyraclostrobin,LrwHC-1,SB15,1/12/24,7,2,500,1,5,5,,0
Cabrio,Pyraclostrobin,LrwHC-1,SB15,1/12/24,7,2,500,2,5,5,,0
Cabrio,Pyraclostrobin,LrwHC-1,SB15,1/12/24,7,2,500,3,5,5,,0
Cabrio,Pyraclostrobin,LrwHC-1,SB15,1/12/24,7,2,1000,1,5,5,,0
Cabrio,Pyraclostrobin,LrwHC-1,SB15,1/12/24,7,2,1000,2,5,5,,0
Cabrio,Pyraclostrobin,LrwHC-1,SB15,1/12/24,7,2,1000,3,5,5,,0
Fontelis,Penthiopyrad,GD-16-1,SB1,7/18/23,7,1,0,1,84,84,79,4901.525375
Fontelis,Penthiopyrad,GD-16-1,SB1,7/18/23,7,1,0,2,84,84,79,4901.525375
Fontelis,Penthiopyrad,GD-16-1,SB1,7/18/23,7,1,0,3,84,84,79,4901.525375
Fontelis,Penthiopyrad,GD-16-1,SB1,7/18/23,7,1,0.01,1,84,84,79,4901.525375
Fontelis,Penthiopyrad,GD-16-1,SB1,7/18/23,7,1,0.01,2,84,84,79,4901.525375
Fontelis,Penthiopyrad,GD-16-1,SB1,7/18/23,7,1,0.01,3,84,84,79,4901.525375
Fontelis,Penthiopyrad,GD-16-1,SB1,7/18/23,7,1,0.1,1,83.74,81.61,77.675,4737.595151
Fontelis,Penthiopyrad,GD-16-1,SB1,7/18/23,7,1,0.1,2,80,81.05,75.525,4479.582656
Fontelis,Penthiopyrad,GD-16-1,SB1,7/18/23,7,1,0.1,3,80.81,82.31,76.56,4602.98164
Fontelis,Penthiopyrad,GD-16-1,SB1,7/18/23,7,1,1,1,51.6,44.83,43.215,1457.717259
Fontelis,Penthiopyrad,GD-16-1,SB1,7/18/23,7,1,1,2,40.82,38.9,34.86,953.6792918
Fontelis,Penthiopyrad,GD-16-1,SB1,7/18/23,7,1,1,3,48.46,45.5,41.98,1382.362099
Fontelis,Penthiopyrad,GD-16-1,SB1,7/18/23,7,1,10,1,11.92,11.63,6.775,36.03269085
Fontelis,Penthiopyrad,GD-16-1,SB1,7/18/23,7,1,10,2,11.64,10.11,5.875,26.6480879
Fontelis,Penthiopyrad,GD-16-1,SB1,7/18/23,7,1,10,3,11,9.83,5.415,22.7601675
Fontelis,Penthiopyrad,GD-16-1,SB1,7/18/23,7,1,100,1,8.24,8.95,3.595,10.05122925
Fontelis,Penthiopyrad,GD-16-1,SB1,7/18/23,7,1,100,2,9.07,8.13,3.6,10.00497066
Fontelis,Penthiopyrad,GD-16-1,SB1,7/18/23,7,1,100,3,7.3,5.87,1.585,1.571535375
Fontelis,Penthiopyrad,GD-16-1,SB1,7/18/23,7,1,500,1,6.73,6.35,1.54,1.834243313
Fontelis,Penthiopyrad,GD-16-1,SB1,7/18/23,7,1,500,2,7.38,5.34,1.36,0.63552545
Fontelis,Penthiopyrad,GD-16-1,SB1,7/18/23,7,1,500,3,7.13,6.72,1.925,2.87729985
Fontelis,Penthiopyrad,GD-16-1,SB1,7/18/23,7,1,1000,1,6.75,6.18,1.465,1.621799375
Fontelis,Penthiopyrad,GD-16-1,SB1,7/18/23,7,1,1000,2,9.12,6.26,2.69,4.0770387
Fontelis,Penthiopyrad,GD-16-1,SB1,7/18/23,7,1,1000,3,5.35,5.85,0.6,0.233649063
Fontelis,Penthiopyrad,LrwHC-1,SB15,7/18/23,7,1,0,1,84,84,79,4901.525375
Fontelis,Penthiopyrad,LrwHC-1,SB15,7/18/23,7,1,0,2,84,84,79,4901.525375
Fontelis,Penthiopyrad,LrwHC-1,SB15,7/18/23,7,1,0,3,84,84,79,4901.525375
Fontelis,Penthiopyrad,LrwHC-1,SB15,7/18/23,7,1,0.01,1,84,84,79,4901.525375
Fontelis,Penthiopyrad,LrwHC-1,SB15,7/18/23,7,1,0.01,2,84,84,79,4901.525375
Fontelis,Penthiopyrad,LrwHC-1,SB15,7/18/23,7,1,0.01,3,84,84,79,4901.525375
Fontelis,Penthiopyrad,LrwHC-1,SB15,7/18/23,7,1,0.1,1,78.65,78.48,73.565,4250.293996
Fontelis,Penthiopyrad,LrwHC-1,SB15,7/18/23,7,1,0.1,2,78.12,78.42,73.27,4216.26244
Fontelis,Penthiopyrad,LrwHC-1,SB15,7/18/23,7,1,0.1,3,81.5,81.63,76.565,4604.021398
Fontelis,Penthiopyrad,LrwHC-1,SB15,7/18/23,7,1,1,1,44.28,43.38,38.83,1184.004961
Fontelis,Penthiopyrad,LrwHC-1,SB15,7/18/23,7,1,1,2,43.63,42.76,38.195,1145.602009
Fontelis,Penthiopyrad,LrwHC-1,SB15,7/18/23,7,1,1,3,40.15,40.29,35.22,974.2133138
Fontelis,Penthiopyrad,LrwHC-1,SB15,7/18/23,7,1,10,1,8.57,9.1,3.835,11.49553388
Fontelis,Penthiopyrad,LrwHC-1,SB15,7/18/23,7,1,10,2,9.28,9.22,4.25,14.1851291
Fontelis,Penthiopyrad,LrwHC-1,SB15,7/18/23,7,1,10,3,10.03,10.65,5.34,22.31996481
Fontelis,Penthiopyrad,LrwHC-1,SB15,7/18/23,7,1,100,1,9.46,8.06,3.76,10.71848385
Fontelis,Penthiopyrad,LrwHC-1,SB15,7/18/23,7,1,100,2,9.1,7.78,3.44,8.95170425
Fontelis,Penthiopyrad,LrwHC-1,SB15,7/18/23,7,1,100,3,7.48,5.33,1.405,0.6427509
Fontelis,Penthiopyrad,LrwHC-1,SB15,7/18/23,7,1,500,1,6.88,7.82,2.35,4.1637441
Fontelis,Penthiopyrad,LrwHC-1,SB15,7/18/23,7,1,500,2,6.84,8.58,2.71,5.1734222
Fontelis,Penthiopyrad,LrwHC-1,SB15,7/18/23,7,1,500,3,9.57,8.44,4.005,12.3467233
Fontelis,Penthiopyrad,LrwHC-1,SB15,7/18/23,7,1,1000,1,6.46,5.82,1.14,0.94025095
Fontelis,Penthiopyrad,LrwHC-1,SB15,7/18/23,7,1,1000,2,7.5,5.31,1.405,0.608665625
Fontelis,Penthiopyrad,LrwHC-1,SB15,7/18/23,7,1,1000,3,5.4,5.95,0.675,0.2984425
Fontelis,Penthiopyrad,GD-16-1,SB1,1/11/24,7,2,0,1,84,84,79,4901.525375
Fontelis,Penthiopyrad,GD-16-1,SB1,1/11/24,7,2,0,2,84,84,79,4901.525375
Fontelis,Penthiopyrad,GD-16-1,SB1,1/11/24,7,2,0,3,84,84,79,4901.525375
Fontelis,Penthiopyrad,GD-16-1,SB1,1/11/24,7,2,0.01,1,84,84,79,4901.525375
Fontelis,Penthiopyrad,GD-16-1,SB1,1/11/24,7,2,0.01,2,84,84,79,4901.525375
Fontelis,Penthiopyrad,GD-16-1,SB1,1/11/24,7,2,0.01,3,84,84,79,4901.525375
Fontelis,Penthiopyrad,GD-16-1,SB1,1/11/24,7,2,0.1,1,78.23,76.74,72.485,4125.983427
Fontelis,Penthiopyrad,GD-16-1,SB1,1/11/24,7,2,0.1,2,65.61,66.93,61.27,2947.965772
Fontelis,Penthiopyrad,GD-16-1,SB1,1/11/24,7,2,0.1,3,82.69,83.89,78.29,4813.53518
Fontelis,Penthiopyrad,GD-16-1,SB1,1/11/24,7,2,1,1,26.32,25.76,21.04,347.6094882
Fontelis,Penthiopyrad,GD-16-1,SB1,1/11/24,7,2,1,2,26.07,25.57,20.82,340.3893002
Fontelis,Penthiopyrad,GD-16-1,SB1,1/11/24,7,2,1,3,26.17,25.07,20.62,333.6916222
Fontelis,Penthiopyrad,GD-16-1,SB1,1/11/24,7,2,10,1,9.55,9.3,4.425,15.36586188
Fontelis,Penthiopyrad,GD-16-1,SB1,1/11/24,7,2,10,2,11.13,10.49,5.81,26.43077464
Fontelis,Penthiopyrad,GD-16-1,SB1,1/11/24,7,2,10,3,9.49,7.26,3.375,7.969514275
Fontelis,Penthiopyrad,GD-16-1,SB1,1/11/24,7,2,100,1,10.29,9.88,5.085,20.2746127
Fontelis,Penthiopyrad,GD-16-1,SB1,1/11/24,7,2,100,2,11.06,10.39,5.725,25.65301778
Fontelis,Penthiopyrad,GD-16-1,SB1,1/11/24,7,2,100,3,8.15,9.44,3.795,10.98425475
Fontelis,Penthiopyrad,GD-16-1,SB1,1/11/24,7,2,500,1,8.83,8.82,3.825,11.49050748
Fontelis,Penthiopyrad,GD-16-1,SB1,1/11/24,7,2,500,2,8.82,8.34,3.58,10.02044255
Fontelis,Penthiopyrad,GD-16-1,SB1,1/11/24,7,2,500,3,9.09,8.43,3.76,11.01779026
Fontelis,Penthiopyrad,GD-16-1,SB1,1/11/24,7,2,1000,1,9.12,7.81,3.465,9.09244345
Fontelis,Penthiopyrad,GD-16-1,SB1,1/11/24,7,2,1000,2,7.79,7.14,2.465,4.689159975
Fontelis,Penthiopyrad,GD-16-1,SB1,1/11/24,7,2,1000,3,7.26,7.27,2.265,4.029130825
Fontelis,Penthiopyrad,LrwHC-1,SB15,1/11/24,7,2,0,1,84,84,79,4901.525375
Fontelis,Penthiopyrad,LrwHC-1,SB15,1/11/24,7,2,0,2,84,84,79,4901.525375
Fontelis,Penthiopyrad,LrwHC-1,SB15,1/11/24,7,2,0,3,84,84,79,4901.525375
Fontelis,Penthiopyrad,LrwHC-1,SB15,1/11/24,7,2,0.01,1,84,84,79,4901.525375
Fontelis,Penthiopyrad,LrwHC-1,SB15,1/11/24,7,2,0.01,2,84,84,79,4901.525375
Fontelis,Penthiopyrad,LrwHC-1,SB15,1/11/24,7,2,0.01,3,84,84,79,4901.525375
Fontelis,Penthiopyrad,LrwHC-1,SB15,1/11/24,7,2,0.1,1,55.61,56.32,50.965,2039.858571
Fontelis,Penthiopyrad,LrwHC-1,SB15,1/11/24,7,2,0.1,2,65.1,64.33,59.715,2800.437555
Fontelis,Penthiopyrad,LrwHC-1,SB15,1/11/24,7,2,0.1,3,67.72,64.18,60.95,2915.13105
Fontelis,Penthiopyrad,LrwHC-1,SB15,1/11/24,7,2,1,1,24.74,24.03,19.385,295.0278466
Fontelis,Penthiopyrad,LrwHC-1,SB15,1/11/24,7,2,1,2,24.57,23.37,18.97,282.3430193
Fontelis,Penthiopyrad,LrwHC-1,SB15,1/11/24,7,2,1,3,20.15,20.5,15.325,184.4256844
Fontelis,Penthiopyrad,LrwHC-1,SB15,1/11/24,7,2,10,1,10.99,9.34,5.165,20.41707973
Fontelis,Penthiopyrad,LrwHC-1,SB15,1/11/24,7,2,10,2,6.95,7.28,2.115,3.49177725
Fontelis,Penthiopyrad,LrwHC-1,SB15,1/11/24,7,2,10,3,11.9,9.87,5.885,26.39095613
Fontelis,Penthiopyrad,LrwHC-1,SB15,1/11/24,7,2,100,1,11.3,8.71,5.005,18.35656988
Fontelis,Penthiopyrad,LrwHC-1,SB15,1/11/24,7,2,100,2,11.67,10.03,5.85,26.34940979
Fontelis,Penthiopyrad,LrwHC-1,SB15,1/11/24,7,2,100,3,10.96,9.7,5.33,21.9999245
Fontelis,Penthiopyrad,LrwHC-1,SB15,1/11/24,7,2,500,1,10.7,7.78,4.24,12.44505225
Fontelis,Penthiopyrad,LrwHC-1,SB15,1/11/24,7,2,500,2,8.63,8.78,3.705,10.77644453
Fontelis,Penthiopyrad,LrwHC-1,SB15,1/11/24,7,2,500,3,9.79,8.87,4.33,14.55873199
Fontelis,Penthiopyrad,LrwHC-1,SB15,1/11/24,7,2,1000,1,7.67,7.53,2.6,5.305286663
Fontelis,Penthiopyrad,LrwHC-1,SB15,1/11/24,7,2,1000,2,8.72,8.64,3.68,10.6346058
Fontelis,Penthiopyrad,LrwHC-1,SB15,1/11/24,7,2,1000,3,8.8,8.8,3.8,11.340815
Inspire,Difenoconazole ,GD-16-1,SB1,7/31/23,7,1,0,1,84,84,79,4901.525375
Inspire,Difenoconazole ,GD-16-1,SB1,7/31/23,7,1,0,2,84,84,79,4901.525375
Inspire,Difenoconazole ,GD-16-1,SB1,7/31/23,7,1,0,3,84,84,79,4901.525375
Inspire,Difenoconazole ,GD-16-1,SB1,7/31/23,7,1,0.01,1,84,84,79,4901.525375
Inspire,Difenoconazole ,GD-16-1,SB1,7/31/23,7,1,0.01,2,84,84,79,4901.525375
Inspire,Difenoconazole ,GD-16-1,SB1,7/31/23,7,1,0.01,3,84,84,79,4901.525375
Inspire,Difenoconazole ,GD-16-1,SB1,7/31/23,7,1,0.1,1,84,84,79,4901.525375
Inspire,Difenoconazole ,GD-16-1,SB1,7/31/23,7,1,0.1,2,84,84,79,4901.525375
Inspire,Difenoconazole ,GD-16-1,SB1,7/31/23,7,1,0.1,3,84,84,79,4901.525375
Inspire,Difenoconazole ,GD-16-1,SB1,7/31/23,7,1,1,1,27.14,17.92,17.53,224.6555763
Inspire,Difenoconazole ,GD-16-1,SB1,7/31/23,7,1,1,2,21.54,23.87,17.705,245.1232342
Inspire,Difenoconazole ,GD-16-1,SB1,7/31/23,7,1,1,3,26.9,25.64,21.27,355.002066
Inspire,Difenoconazole ,GD-16-1,SB1,7/31/23,7,1,10,1,5,5,0,0
Inspire,Difenoconazole ,GD-16-1,SB1,7/31/23,7,1,10,2,5.24,5,0.12,0
Inspire,Difenoconazole ,GD-16-1,SB1,7/31/23,7,1,10,3,5,5,0,0
Inspire,Difenoconazole ,GD-16-1,SB1,7/31/23,7,1,100,1,5,5,0,0
Inspire,Difenoconazole ,GD-16-1,SB1,7/31/23,7,1,100,2,5,5,0,0
Inspire,Difenoconazole ,GD-16-1,SB1,7/31/23,7,1,100,3,5,5,0,0
Inspire,Difenoconazole ,GD-16-1,SB1,7/31/23,7,1,500,1,5,5,0,0
Inspire,Difenoconazole ,GD-16-1,SB1,7/31/23,7,1,500,2,5,5,0,0
Inspire,Difenoconazole ,GD-16-1,SB1,7/31/23,7,1,500,3,5,5,0,0
Inspire,Difenoconazole ,GD-16-1,SB1,7/31/23,7,1,1000,1,5,5,0,0
Inspire,Difenoconazole ,GD-16-1,SB1,7/31/23,7,1,1000,2,5,5,0,0
Inspire,Difenoconazole ,GD-16-1,SB1,7/31/23,7,1,1000,3,5,5,0,0
Inspire,Difenoconazole ,LrwHC-1,SB15,7/31/23,7,1,0,1,84,84,79,4901.525375
Inspire,Difenoconazole ,LrwHC-1,SB15,7/31/23,7,1,0,2,84,84,79,4901.525375
Inspire,Difenoconazole ,LrwHC-1,SB15,7/31/23,7,1,0,3,84,84,79,4901.525375
Inspire,Difenoconazole ,LrwHC-1,SB15,7/31/23,7,1,0.01,1,84,84,79,4901.525375
Inspire,Difenoconazole ,LrwHC-1,SB15,7/31/23,7,1,0.01,2,84,84,79,4901.525375
Inspire,Difenoconazole ,LrwHC-1,SB15,7/31/23,7,1,0.01,3,84,84,79,4901.525375
Inspire,Difenoconazole ,LrwHC-1,SB15,7/31/23,7,1,0.1,1,84,84,79,4901.525375
Inspire,Difenoconazole ,LrwHC-1,SB15,7/31/23,7,1,0.1,2,84,84,79,4901.525375
Inspire,Difenoconazole ,LrwHC-1,SB15,7/31/23,7,1,0.1,3,84,84,79,4901.525375
Inspire,Difenoconazole ,LrwHC-1,SB15,7/31/23,7,1,1,1,41.77,34.79,33.28,860.2827324
Inspire,Difenoconazole ,LrwHC-1,SB15,7/31/23,7,1,1,2,38.35,38.65,33.5,881.3694228
Inspire,Difenoconazole ,LrwHC-1,SB15,7/31/23,7,1,1,3,27.02,24.73,20.875,341.2097815
Inspire,Difenoconazole ,LrwHC-1,SB15,8/11/24,7,1,10,1,12.57,13.25,7.91,49.04863219
Inspire,Difenoconazole ,LrwHC-1,SB15,8/11/24,7,1,10,2,5,5,0,0
Inspire,Difenoconazole ,LrwHC-1,SB15,8/11/24,7,1,10,3,5,5,0,0
Inspire,Difenoconazole ,LrwHC-1,SB15,8/11/24,7,1,100,1,5,5,0,0
Inspire,Difenoconazole ,LrwHC-1,SB15,8/11/24,7,1,100,2,5,5,0,0
Inspire,Difenoconazole ,LrwHC-1,SB15,8/11/24,7,1,100,3,5,5,0,0
Inspire,Difenoconazole ,LrwHC-1,SB15,7/31/23,7,1,500,1,5,5,0,0
Inspire,Difenoconazole ,LrwHC-1,SB15,7/31/23,7,1,500,2,5,5,0,0
Inspire,Difenoconazole ,LrwHC-1,SB15,7/31/23,7,1,500,3,5,5,0,0
Inspire,Difenoconazole ,LrwHC-1,SB15,7/31/23,7,1,1000,1,5,5,0,0
Inspire,Difenoconazole ,LrwHC-1,SB15,7/31/23,7,1,1000,2,5,5,0,0
Inspire,Difenoconazole ,LrwHC-1,SB15,7/31/23,7,1,1000,3,5,5,0,0
Inspire,Difenoconazole ,GD-16-1,SB1,1/23/24,7,2,0,1,84,84,,4901.525375
Inspire,Difenoconazole ,GD-16-1,SB1,1/23/24,7,2,0,2,84,84,,4901.525375
Inspire,Difenoconazole ,GD-16-1,SB1,1/23/24,7,2,0,3,84,84,,4901.525375
Inspire,Difenoconazole ,GD-16-1,SB1,1/23/24,7,2,0.01,1,84,84,,4901.525375
Inspire,Difenoconazole ,GD-16-1,SB1,1/23/24,7,2,0.01,2,84,84,,4901.525375
Inspire,Difenoconazole ,GD-16-1,SB1,1/23/24,7,2,0.01,3,84,84,,4901.525375
Inspire,Difenoconazole ,GD-16-1,SB1,1/23/24,7,2,0.1,1,78.17,69.81,,3724.36425
Inspire,Difenoconazole ,GD-16-1,SB1,1/23/24,7,2,0.1,2,72.93,74.96,,3732.402642
Inspire,Difenoconazole ,GD-16-1,SB1,1/23/24,7,2,0.1,3,74.25,67.04,,3374.183051
Inspire,Difenoconazole ,GD-16-1,SB1,1/23/24,7,2,1,1,77.77,54.88,,2850.728729
Inspire,Difenoconazole ,GD-16-1,SB1,1/23/24,7,2,1,2,67.86,66.71,,3046.54078
Inspire,Difenoconazole ,GD-16-1,SB1,1/23/24,7,2,1,3,63.96,69.83,,3001.999179
Inspire,Difenoconazole ,GD-16-1,SB1,1/23/24,7,2,10,1,27.63,27.64,,402.3815407
Inspire,Difenoconazole ,GD-16-1,SB1,1/23/24,7,2,10,2,26.87,22.54,,301.2696929
Inspire,Difenoconazole ,GD-16-1,SB1,1/23/24,7,2,10,3,27.96,28.93,,431.5107853
Inspire,Difenoconazole ,GD-16-1,SB1,1/23/24,7,2,100,1,7.35,10.89,,10.87076806
Inspire,Difenoconazole ,GD-16-1,SB1,1/23/24,7,2,100,2,5,5,,0
Inspire,Difenoconazole ,GD-16-1,SB1,1/23/24,7,2,100,3,5,5,,0
Inspire,Difenoconazole ,GD-16-1,SB1,1/23/24,7,2,500,1,5,5,,0
Inspire,Difenoconazole ,GD-16-1,SB1,1/23/24,7,2,500,2,5,5,,0
Inspire,Difenoconazole ,GD-16-1,SB1,1/23/24,7,2,500,3,5,5,,0
Inspire,Difenoconazole ,GD-16-1,SB1,1/23/24,7,2,1000,1,5,5,,0
Inspire,Difenoconazole ,GD-16-1,SB1,1/23/24,7,2,1000,2,5,5,,0
Inspire,Difenoconazole ,GD-16-1,SB1,1/23/24,7,2,1000,3,5,5,,0
Inspire,Difenoconazole ,LrwHC-1,SB15,1/23/24,7,2,0,1,84,84,,4901.525375
Inspire,Difenoconazole ,LrwHC-1,SB15,1/23/24,7,2,0,2,84,84,,4901.525375
Inspire,Difenoconazole ,LrwHC-1,SB15,1/23/24,7,2,0,3,84,84,,4901.525375
Inspire,Difenoconazole ,LrwHC-1,SB15,1/23/24,7,2,0.01,1,84,84,,4901.525375
Inspire,Difenoconazole ,LrwHC-1,SB15,1/23/24,7,2,0.01,2,84,84,,4901.525375
Inspire,Difenoconazole ,LrwHC-1,SB15,1/23/24,7,2,0.01,3,84,84,,4901.525375
Inspire,Difenoconazole ,LrwHC-1,SB15,1/23/24,7,2,0.1,1,48.93,49.56,,1537.387898
Inspire,Difenoconazole ,LrwHC-1,SB15,1/23/24,7,2,0.1,2,53.55,49.61,,1700.977348
Inspire,Difenoconazole ,LrwHC-1,SB15,1/23/24,7,2,0.1,3,55.92,53.18,,1926.780593
Inspire,Difenoconazole ,LrwHC-1,SB15,1/23/24,7,2,1,1,46.24,53.6,,1574.098839
Inspire,Difenoconazole ,LrwHC-1,SB15,1/23/24,7,2,1,2,55.53,59.09,,2146.561582
Inspire,Difenoconazole ,LrwHC-1,SB15,1/23/24,7,2,1,3,60.16,53.88,,2117.544411
Inspire,Difenoconazole ,LrwHC-1,SB15,1/23/24,7,2,10,1,9.24,9.45,,14.8184555
Inspire,Difenoconazole ,LrwHC-1,SB15,1/23/24,7,2,10,2,25.25,24.14,,304.3995694
Inspire,Difenoconazole ,LrwHC-1,SB15,1/23/24,7,2,10,3,19.28,18.31,,149.2737131
Inspire,Difenoconazole ,LrwHC-1,SB15,1/23/24,7,2,100,1,5,5,,0
Inspire,Difenoconazole ,LrwHC-1,SB15,1/23/24,7,2,100,1,5,5,,0
Inspire,Difenoconazole ,LrwHC-1,SB15,1/23/24,7,2,100,2,5,5,,0
Inspire,Difenoconazole ,LrwHC-1,SB15,1/23/24,7,2,100,2,5,5,,0
Inspire,Difenoconazole ,LrwHC-1,SB15,1/23/24,7,2,100,3,5,5,,0
Inspire,Difenoconazole ,LrwHC-1,SB15,1/23/24,7,2,100,3,5,5,,0
Inspire,Difenoconazole ,LrwHC-1,SB15,1/23/24,7,2,500,1,5,5,,0
Inspire,Difenoconazole ,LrwHC-1,SB15,1/23/24,7,2,500,2,5,5,,0
Inspire,Difenoconazole ,LrwHC-1,SB15,1/23/24,7,2,500,3,5,5,,0
Inspire,Difenoconazole ,LrwHC-1,SB15,1/23/24,7,2,1000,1,5,5,,0
Inspire,Difenoconazole ,LrwHC-1,SB15,1/23/24,7,2,1000,2,5,5,,0
Inspire,Difenoconazole ,LrwHC-1,SB15,1/23/24,7,2,1000,3,5,5,,0
Miravis,Pydiflumetofen,GD-16-1,SB1,6/12/24,7,1,0,1,84,84,79,4901.525375
Miravis,Pydiflumetofen,GD-16-1,SB1,6/12/24,7,1,0,2,84,84,79,4901.525375
Miravis,Pydiflumetofen,GD-16-1,SB1,6/12/24,7,1,0,3,84,84,79,4901.525375
Miravis,Pydiflumetofen,GD-16-1,SB1,6/12/24,7,1,0.01,1,84,84,79,4901.525375
Miravis,Pydiflumetofen,GD-16-1,SB1,6/12/24,7,1,0.01,2,84,84,79,4901.525375
Miravis,Pydiflumetofen,GD-16-1,SB1,6/12/24,7,1,0.01,3,84,84,79,4901.525375
Miravis,Pydiflumetofen,GD-16-1,SB1,6/12/24,7,1,0.1,1,82.2,82.54,77.37,4701.323863
Miravis,Pydiflumetofen,GD-16-1,SB1,6/12/24,7,1,0.1,2,78.07,78.86,73.465,4238.629763
Miravis,Pydiflumetofen,GD-16-1,SB1,6/12/24,7,1,0.1,3,81.57,81.56,76.565,4604.024697
Miravis,Pydiflumetofen,GD-16-1,SB1,6/12/24,7,1,1,1,63.86,66.14,60,2826.329327
Miravis,Pydiflumetofen,GD-16-1,SB1,6/12/24,7,1,1,2,64.29,67.03,60.66,2888.419739
Miravis,Pydiflumetofen,GD-16-1,SB1,6/12/24,7,1,1,3,68.08,71.94,65.01,3316.304998
Miravis,Pydiflumetofen,GD-16-1,SB1,6/12/24,7,1,10,1,51.52,51.3,46.41,1691.600364
Miravis,Pydiflumetofen,GD-16-1,SB1,6/12/24,7,1,10,2,50.49,49.8,45.145,1600.556552
Miravis,Pydiflumetofen,GD-16-1,SB1,6/12/24,7,1,10,3,50.04,50.67,45.355,1615.498154
Miravis,Pydiflumetofen,GD-16-1,SB1,6/12/24,7,1,100,1,45.65,45.55,40.6,1294.578772
Miravis,Pydiflumetofen,GD-16-1,SB1,6/12/24,7,1,100,2,39.54,39.82,34.68,944.5570041
Miravis,Pydiflumetofen,GD-16-1,SB1,6/12/24,7,1,100,3,48.18,47.35,42.765,1436.194057
Miravis,Pydiflumetofen,GD-16-1,SB1,6/12/24,7,1,500,1,45.03,45.07,40.05,1259.743149
Miravis,Pydiflumetofen,GD-16-1,SB1,6/12/24,7,1,500,2,49.15,47.48,43.315,1472.96453
Miravis,Pydiflumetofen,GD-16-1,SB1,6/12/24,7,1,500,3,50.07,49.55,44.81,1576.929723
Miravis,Pydiflumetofen,GD-16-1,SB1,6/12/24,7,1,1000,1,32.14,31.55,26.845,565.9153076
Miravis,Pydiflumetofen,GD-16-1,SB1,6/12/24,7,1,1000,2,31.72,31.55,26.635,557.157591
Miravis,Pydiflumetofen,GD-16-1,SB1,6/12/24,7,1,1000,3,34.95,33.98,29.465,681.6670166
Miravis,Pydiflumetofen,LrwHC-1,SB15,6/12/24,7,1,0,1,84,84,79,4901.525375
Miravis,Pydiflumetofen,LrwHC-1,SB15,6/12/24,7,1,0,2,84,84,79,4901.525375
Miravis,Pydiflumetofen,LrwHC-1,SB15,6/12/24,7,1,0,3,84,84,79,4901.525375
Miravis,Pydiflumetofen,LrwHC-1,SB15,6/12/24,7,1,0.01,1,84,84,79,4901.525375
Miravis,Pydiflumetofen,LrwHC-1,SB15,6/12/24,7,1,0.01,2,84,84,79,4901.525375
Miravis,Pydiflumetofen,LrwHC-1,SB15,6/12/24,7,1,0.01,3,84,84,79,4901.525375
Miravis,Pydiflumetofen,LrwHC-1,SB15,6/12/24,7,1,0.1,1,84,84,79,4901.525375
Miravis,Pydiflumetofen,LrwHC-1,SB15,6/12/24,7,1,0.1,2,84,84,79,4901.525375
Miravis,Pydiflumetofen,LrwHC-1,SB15,6/12/24,7,1,0.1,3,84,84,79,4901.525375
Miravis,Pydiflumetofen,LrwHC-1,SB15,6/12/24,7,1,1,1,81.09,76.38,73.735,4265.610536
Miravis,Pydiflumetofen,LrwHC-1,SB15,6/12/24,7,1,1,2,80.12,73.86,71.99,4062.558898
Miravis,Pydiflumetofen,LrwHC-1,SB15,6/12/24,7,1,1,3,79.3,76.32,72.81,4161.761814
Miravis,Pydiflumetofen,LrwHC-1,SB15,6/12/24,7,1,10,1,60.45,58.72,54.585,2339.45463
Miravis,Pydiflumetofen,LrwHC-1,SB15,6/12/24,7,1,10,2,64.42,63.21,58.815,2716.485051
Miravis,Pydiflumetofen,LrwHC-1,SB15,6/12/24,7,1,10,3,58.49,55.19,51.84,2108.467282
Miravis,Pydiflumetofen,LrwHC-1,SB15,6/12/24,7,1,100,1,50.52,48.92,44.72,1570.151858
Miravis,Pydiflumetofen,LrwHC-1,SB15,6/12/24,7,1,100,2,51.88,50.08,45.98,1659.77257
Miravis,Pydiflumetofen,LrwHC-1,SB15,6/12/24,7,1,100,3,48.56,47.8,43.18,1464.228018
Miravis,Pydiflumetofen,LrwHC-1,SB15,6/12/24,7,1,500,1,54.25,54.26,49.255,1905.362946
Miravis,Pydiflumetofen,LrwHC-1,SB15,6/12/24,7,1,500,2,48.51,50.36,44.435,1550.026781
Miravis,Pydiflumetofen,LrwHC-1,SB15,6/12/24,7,1,500,3,40.07,45.42,37.745,1113.292153
Miravis,Pydiflumetofen,LrwHC-1,SB15,6/12/24,7,1,1000,1,48.73,46.73,42.73,1433.193846
Miravis,Pydiflumetofen,LrwHC-1,SB15,6/12/24,7,1,1000,2,46.22,47.47,41.845,1374.887999
Miravis,Pydiflumetofen,LrwHC-1,SB15,6/12/24,7,1,1000,3,40.12,42.89,36.505,1045.095999
Miravis,Pydiflumetofen,GD-16-1,SB1,6/13/24,7,2,0,1,84,84,79,4901.525375
Miravis,Pydiflumetofen,GD-16-1,SB1,6/13/24,7,2,0,2,84,84,79,4901.525375
Miravis,Pydiflumetofen,GD-16-1,SB1,6/13/24,7,2,0,3,84,84,79,4901.525375
Miravis,Pydiflumetofen,GD-16-1,SB1,6/13/24,7,2,0.01,1,84,84,79,4901.525375
Miravis,Pydiflumetofen,GD-16-1,SB1,6/13/24,7,2,0.01,2,84,84,79,4901.525375
Miravis,Pydiflumetofen,GD-16-1,SB1,6/13/24,7,2,0.01,3,84,84,79,4901.525375
Miravis,Pydiflumetofen,GD-16-1,SB1,6/13/24,7,2,0.1,1,81.55,80.5,76.025,4539.094447
Miravis,Pydiflumetofen,GD-16-1,SB1,6/13/24,7,2,0.1,2,80.41,80.69,75.55,4482.749995
Miravis,Pydiflumetofen,GD-16-1,SB1,6/13/24,7,2,0.1,3,79.99,79.69,74.84,4398.88781
Miravis,Pydiflumetofen,GD-16-1,SB1,6/13/24,7,2,1,1,57.58,54.95,51.265,2062.686124
Miravis,Pydiflumetofen,GD-16-1,SB1,6/13/24,7,2,1,2,68.81,66.79,62.8,3096.592179
Miravis,Pydiflumetofen,GD-16-1,SB1,6/13/24,7,2,1,3,69.26,69.54,64.4,3257.217467
Miravis,Pydiflumetofen,GD-16-1,SB1,6/13/24,7,2,10,1,38.2,38.86,33.53,882.880877
Miravis,Pydiflumetofen,GD-16-1,SB1,6/13/24,7,2,10,2,27.25,26.5,21.875,375.7037656
Miravis,Pydiflumetofen,GD-16-1,SB1,6/13/24,7,2,10,3,43.71,41.66,37.685,1114.532417
Miravis,Pydiflumetofen,GD-16-1,SB1,6/13/24,7,2,100,1,46.1,45.1,40.6,1294.384391
Miravis,Pydiflumetofen,GD-16-1,SB1,6/13/24,7,2,100,2,49.93,50.01,44.97,1588.263313
Miravis,Pydiflumetofen,GD-16-1,SB1,6/13/24,7,2,100,3,39.8,40.03,34.915,957.4066815
Miravis,Pydiflumetofen,GD-16-1,SB1,6/13/24,7,2,500,1,38.1,37.61,32.855,847.7267066
Miravis,Pydiflumetofen,GD-16-1,SB1,6/13/24,7,2,500,2,32.9,33.06,27.98,614.8496678
Miravis,Pydiflumetofen,GD-16-1,SB1,6/13/24,7,2,500,3,38.16,38.54,33.35,873.4833939
Miravis,Pydiflumetofen,GD-16-1,SB1,6/13/24,7,2,1000,1,9.1,7.9,3.5,9.33810875
Miravis,Pydiflumetofen,GD-16-1,SB1,6/13/24,7,2,1000,2,15.91,14.55,10.23,81.82861394
Miravis,Pydiflumetofen,GD-16-1,SB1,6/13/24,7,2,1000,3,20.91,19.64,15.275,182.9314299
Miravis,Pydiflumetofen,LrwHC-1,SB15,6/13/24,7,2,0,1,84,84,79,4901.525375
Miravis,Pydiflumetofen,LrwHC-1,SB15,6/13/24,7,2,0,2,84,84,79,4901.525375
Miravis,Pydiflumetofen,LrwHC-1,SB15,6/13/24,7,2,0,3,84,84,79,4901.525375
Miravis,Pydiflumetofen,LrwHC-1,SB15,6/13/24,7,2,0.01,1,84,84,79,4901.525375
Miravis,Pydiflumetofen,LrwHC-1,SB15,6/13/24,7,2,0.01,2,84,84,79,4901.525375
Miravis,Pydiflumetofen,LrwHC-1,SB15,6/13/24,7,2,0.01,3,84,84,79,4901.525375
Miravis,Pydiflumetofen,LrwHC-1,SB15,6/13/24,7,2,0.1,1,84,84,79,4901.525375
Miravis,Pydiflumetofen,LrwHC-1,SB15,6/13/24,7,2,0.1,2,84,84,79,4901.525375
Miravis,Pydiflumetofen,LrwHC-1,SB15,6/13/24,7,2,0.1,3,83.56,84,78.78,4874.22574
Miravis,Pydiflumetofen,LrwHC-1,SB15,6/13/24,7,2,1,1,80.37,78.17,74.27,4331.204035
Miravis,Pydiflumetofen,LrwHC-1,SB15,6/13/24,7,2,1,2,77.78,81.14,74.46,4352.131373
Miravis,Pydiflumetofen,LrwHC-1,SB15,6/13/24,7,2,1,3,71.68,77.71,69.695,3807.735812
Miravis,Pydiflumetofen,LrwHC-1,SB15,6/13/24,7,2,10,1,51.83,50.68,46.255,1680.069802
Miravis,Pydiflumetofen,LrwHC-1,SB15,6/13/24,7,2,10,2,52.52,53.84,48.18,1822.758617
Miravis,Pydiflumetofen,LrwHC-1,SB15,6/13/24,7,2,10,3,53.08,55.41,49.245,1903.52344
Miravis,Pydiflumetofen,LrwHC-1,SB15,6/13/24,7,2,100,1,48.36,50.29,44.325,1542.299319
Miravis,Pydiflumetofen,LrwHC-1,SB15,6/13/24,7,2,100,2,52.66,51.31,46.985,1733.428336
Miravis,Pydiflumetofen,LrwHC-1,SB15,6/13/24,7,2,100,3,49.15,48.56,43.855,1510.41278
Miravis,Pydiflumetofen,LrwHC-1,SB15,6/13/24,7,2,500,1,53.75,50.17,46.96,1729.425202
Miravis,Pydiflumetofen,LrwHC-1,SB15,6/13/24,7,2,500,2,42.75,41.45,37.1,1080.666183
Miravis,Pydiflumetofen,LrwHC-1,SB15,6/13/24,7,2,500,3,48.52,48.56,43.54,1488.859891
Miravis,Pydiflumetofen,LrwHC-1,SB15,6/13/24,7,2,1000,1,34.24,34.52,29.38,677.9080548
Miravis,Pydiflumetofen,LrwHC-1,SB15,6/13/24,7,2,1000,2,37.18,33.8,30.49,727.872984
Miravis,Pydiflumetofen,LrwHC-1,SB15,6/13/24,7,2,1000,3,42.62,40.05,36.335,1035.580553
Omega,Fluazinam,GD-16-1,SB1,7/7/23,7,1,0,1,84,84,79,4901.525375
Omega,Fluazinam,GD-16-1,SB1,7/7/23,7,1,0,2,84,84,79,4901.525375
Omega,Fluazinam,GD-16-1,SB1,7/7/23,7,1,0,3,84,84,79,4901.525375
Omega,Fluazinam,GD-16-1,SB1,7/7/23,7,1,0.01,1,84,84,79,4901.525375
Omega,Fluazinam,GD-16-1,SB1,7/7/23,7,1,0.01,2,84,84,79,4901.525375
Omega,Fluazinam,GD-16-1,SB1,7/7/23,7,1,0.01,3,84,84,79,4901.525375
Omega,Fluazinam,GD-16-1,SB1,7/7/23,7,1,0.1,1,54.13,55.37,49.75,1943.550313
Omega,Fluazinam,GD-16-1,SB1,7/7/23,7,1,0.1,2,51.78,52.5,47.14,1745.142519
Omega,Fluazinam,GD-16-1,SB1,7/7/23,7,1,0.1,3,57.56,55.93,51.745,2102.355258
Omega,Fluazinam,GD-16-1,SB1,7/7/23,7,1,1,1,5,5,0,0
Omega,Fluazinam,GD-16-1,SB1,7/7/23,7,1,1,2,5,5,0,0
Omega,Fluazinam,GD-16-1,SB1,7/7/23,7,1,1,3,5,5,0,0
Omega,Fluazinam,GD-16-1,SB1,7/7/23,7,1,10,1,5,5,0,0
Omega,Fluazinam,GD-16-1,SB1,7/7/23,7,1,10,2,5,5,0,0
Omega,Fluazinam,GD-16-1,SB1,7/7/23,7,1,10,3,5,5,0,0
Omega,Fluazinam,GD-16-1,SB1,7/7/23,7,1,100,1,5,5,0,0
Omega,Fluazinam,GD-16-1,SB1,7/7/23,7,1,100,2,5,5,0,0
Omega,Fluazinam,GD-16-1,SB1,7/7/23,7,1,100,3,5,5,0,0
Omega,Fluazinam,GD-16-1,SB1,7/7/23,7,1,500,1,5,5,0,0
Omega,Fluazinam,GD-16-1,SB1,7/7/23,7,1,500,2,5,5,0,0
Omega,Fluazinam,GD-16-1,SB1,7/7/23,7,1,500,3,5,5,0,0
Omega,Fluazinam,GD-16-1,SB1,7/7/23,7,1,1000,1,5,5,0,0
Omega,Fluazinam,GD-16-1,SB1,7/7/23,7,1,1000,2,5,5,0,0
Omega,Fluazinam,GD-16-1,SB1,7/7/23,7,1,1000,3,5,5,0,0
Omega,Fluazinam,LrwHC-1,SB15,7/7/23,7,1,0,1,84,84,79,4901.525375
Omega,Fluazinam,LrwHC-1,SB15,7/7/23,7,1,0,2,84,84,79,4901.525375
Omega,Fluazinam,LrwHC-1,SB15,7/7/23,7,1,0,3,84,84,79,4901.525375
Omega,Fluazinam,LrwHC-1,SB15,7/7/23,7,1,0.01,1,84,84,79,4901.525375
Omega,Fluazinam,LrwHC-1,SB15,7/7/23,7,1,0.01,2,84,84,79,4901.525375
Omega,Fluazinam,LrwHC-1,SB15,7/7/23,7,1,0.01,3,84,84,79,4901.525375
Omega,Fluazinam,LrwHC-1,SB15,7/7/23,7,1,0.1,1,52.34,51.21,46.775,1718.071742
Omega,Fluazinam,LrwHC-1,SB15,7/7/23,7,1,0.1,2,49.03,48.96,43.995,1520.139493
Omega,Fluazinam,LrwHC-1,SB15,7/7/23,7,1,0.1,3,45.14,45.26,40.2,1269.194588
Omega,Fluazinam,LrwHC-1,SB15,7/21/23,7,1,1,1,5,5,0,0
Omega,Fluazinam,LrwHC-1,SB15,7/21/23,7,1,1,2,5,5,0,0
Omega,Fluazinam,LrwHC-1,SB15,7/21/23,7,1,1,3,5,5,0,0
Omega,Fluazinam,LrwHC-1,SB15,7/21/23,7,1,10,1,5,5,0,0
Omega,Fluazinam,LrwHC-1,SB15,7/21/23,7,1,10,2,5,5,0,0
Omega,Fluazinam,LrwHC-1,SB15,7/21/23,7,1,10,3,5,5,0,0
Omega,Fluazinam,LrwHC-1,SB15,7/21/23,7,1,100,1,5,5,0,0
Omega,Fluazinam,LrwHC-1,SB15,7/21/23,7,1,100,2,5,5,0,0
Omega,Fluazinam,LrwHC-1,SB15,7/21/23,7,1,100,3,5,5,0,0
Omega,Fluazinam,LrwHC-1,SB15,7/21/23,7,1,1000,1,5,5,0,0
Omega,Fluazinam,LrwHC-1,SB15,7/21/23,7,1,1000,2,5,5,0,0
Omega,Fluazinam,LrwHC-1,SB15,7/21/23,7,1,1000,3,5,5,0,0
Omega,Fluazinam,GD-16-1,SB1,12/21/23,7,2,0,1,84,84,79,4901.525375
Omega,Fluazinam,GD-16-1,SB1,12/21/23,7,2,0,2,84,84,79,4901.525375
Omega,Fluazinam,GD-16-1,SB1,12/21/23,7,2,0,3,84,84,79,4901.525375
Omega,Fluazinam,GD-16-1,SB1,12/21/23,7,2,0.01,1,84,84,79,4901.525375
Omega,Fluazinam,GD-16-1,SB1,12/21/23,7,2,0.01,2,84,84,79,4901.525375
Omega,Fluazinam,GD-16-1,SB1,12/21/23,7,2,0.01,3,83.44,81.61,77.525,4719.544877
Omega,Fluazinam,GD-16-1,SB1,12/21/23,7,2,0.1,1,76.64,76.63,71.635,4030.209302
Omega,Fluazinam,GD-16-1,SB1,12/21/23,7,2,0.1,2,81.96,82,76.98,4654.06942
Omega,Fluazinam,GD-16-1,SB1,12/21/23,7,2,0.1,3,80.45,81.31,75.88,4521.866854
Omega,Fluazinam,GD-16-1,SB1,12/21/23,7,2,1,1,5,5,0,0
Omega,Fluazinam,GD-16-1,SB1,12/21/23,7,2,1,2,5,5,0,0
Omega,Fluazinam,GD-16-1,SB1,12/21/23,7,2,1,3,5,5,0,0
Omega,Fluazinam,GD-16-1,SB1,12/21/23,7,2,10,1,5,5,0,0
Omega,Fluazinam,GD-16-1,SB1,12/21/23,7,2,10,2,5,5,0,0
Omega,Fluazinam,GD-16-1,SB1,12/21/23,7,2,10,3,5,5,0,0
Omega,Fluazinam,GD-16-1,SB1,12/21/23,7,2,100,1,5,5,0,0
Omega,Fluazinam,GD-16-1,SB1,12/21/23,7,2,100,2,5,5,0,0
Omega,Fluazinam,GD-16-1,SB1,12/21/23,7,2,100,3,5,5,0,0
Omega,Fluazinam,GD-16-1,SB1,12/21/23,7,2,500,1,5,5,0,0
Omega,Fluazinam,GD-16-1,SB1,12/21/23,7,2,500,2,5,5,0,0
Omega,Fluazinam,GD-16-1,SB1,12/21/23,7,2,500,3,5,5,0,0
Omega,Fluazinam,GD-16-1,SB1,12/21/23,7,2,1000,1,5,5,0,0
Omega,Fluazinam,GD-16-1,SB1,12/21/23,7,2,1000,2,5,5,0,0
Omega,Fluazinam,GD-16-1,SB1,12/21/23,7,2,1000,3,5,5,0,0
Omega,Fluazinam,LrwHC-1,SB15,12/21/23,7,2,0,1,84,84,79,4901.525375
Omega,Fluazinam,LrwHC-1,SB15,12/21/23,7,2,0,2,84,84,79,4901.525375
Omega,Fluazinam,LrwHC-1,SB15,12/21/23,7,2,0,3,84,84,79,4901.525375
Omega,Fluazinam,LrwHC-1,SB15,12/21/23,7,2,0.01,1,84,84,79,4901.525375
Omega,Fluazinam,LrwHC-1,SB15,12/21/23,7,2,0.01,2,84,84,79,4901.525375
Omega,Fluazinam,LrwHC-1,SB15,12/21/23,7,2,0.01,3,84,84,79,4901.525375
Omega,Fluazinam,LrwHC-1,SB15,12/21/23,7,2,0.1,1,75.04,73.61,69.325,3774.075896
Omega,Fluazinam,LrwHC-1,SB15,12/21/23,7,2,0.1,2,77.3,73.57,70.435,3893.583739
Omega,Fluazinam,LrwHC-1,SB15,12/21/23,7,2,0.1,3,74.82,74.73,69.775,3823.636357
Omega,Fluazinam,LrwHC-1,SB15,12/21/23,7,2,1,1,5,5,0,0
Omega,Fluazinam,LrwHC-1,SB15,12/21/23,7,2,1,2,5,5,0,0
Omega,Fluazinam,LrwHC-1,SB15,12/21/23,7,2,1,3,5,5,0,0
Omega,Fluazinam,LrwHC-1,SB15,12/21/23,7,2,10,1,5,5,0,0
Omega,Fluazinam,LrwHC-1,SB15,12/21/23,7,2,10,2,5,5,0,0
Omega,Fluazinam,LrwHC-1,SB15,12/21/23,7,2,10,3,5,5,0,0
Omega,Fluazinam,LrwHC-1,SB15,12/21/23,7,2,100,1,5,5,0,0
Omega,Fluazinam,LrwHC-1,SB15,12/21/23,7,2,100,2,5,5,0,0
Omega,Fluazinam,LrwHC-1,SB15,12/21/23,7,2,100,3,5,5,0,0
Omega,Fluazinam,LrwHC-1,SB15,12/21/23,7,2,500,1,5,5,0,0
Omega,Fluazinam,LrwHC-1,SB15,12/21/23,7,2,500,2,5,5,0,0
Omega,Fluazinam,LrwHC-1,SB15,12/21/23,7,2,500,3,5,5,0,0
Omega,Fluazinam,LrwHC-1,SB15,12/21/23,7,2,1000,1,5,5,0,0
Omega,Fluazinam,LrwHC-1,SB15,12/21/23,7,2,1000,2,5,5,0,0
Omega,Fluazinam,LrwHC-1,SB15,12/21/23,7,2,1000,3,5,5,0,0
TopsinM,Thiophanate_methyl,GD-16-1,SB1,7/21/23,7,1,0,1,84,84,79,4901.525375
TopsinM,Thiophanate_methyl,GD-16-1,SB1,7/21/23,7,1,0,2,84,84,79,4901.525375
TopsinM,Thiophanate_methyl,GD-16-1,SB1,7/21/23,7,1,0,3,84,84,79,4901.525375
TopsinM,Thiophanate_methyl,GD-16-1,SB1,7/21/23,7,1,0.01,1,84,84,79,4901.525375
TopsinM,Thiophanate_methyl,GD-16-1,SB1,7/21/23,7,1,0.01,2,84,84,79,4901.525375
TopsinM,Thiophanate_methyl,GD-16-1,SB1,7/21/23,7,1,0.01,3,84,84,79,4901.525375
TopsinM,Thiophanate_methyl,GD-16-1,SB1,7/21/23,7,1,0.1,1,84,84,79,4901.525375
TopsinM,Thiophanate_methyl,GD-16-1,SB1,7/21/23,7,1,0.1,2,84,84,79,4901.525375
TopsinM,Thiophanate_methyl,GD-16-1,SB1,7/21/23,7,1,0.1,3,84,84,79,4901.525375
TopsinM,Thiophanate_methyl,GD-16-1,SB1,7/21/23,7,1,1,1,84,84,79,4901.525375
TopsinM,Thiophanate_methyl,GD-16-1,SB1,7/21/23,7,1,1,2,84,84,79,4901.525375
TopsinM,Thiophanate_methyl,GD-16-1,SB1,7/21/23,7,1,1,3,84,84,79,4901.525375
TopsinM,Thiophanate_methyl,GD-16-1,SB1,7/21/23,7,1,10,1,84,84,79,4901.525375
TopsinM,Thiophanate_methyl,GD-16-1,SB1,7/21/23,7,1,10,2,84,84,79,4901.525375
TopsinM,Thiophanate_methyl,GD-16-1,SB1,7/21/23,7,1,10,3,84,84,79,4901.525375
TopsinM,Thiophanate_methyl,GD-16-1,SB1,7/21/23,7,1,100,1,84,84,79,4901.525375
TopsinM,Thiophanate_methyl,GD-16-1,SB1,7/21/23,7,1,100,2,84,84,79,4901.525375
TopsinM,Thiophanate_methyl,GD-16-1,SB1,7/21/23,7,1,100,3,84,84,79,4901.525375
TopsinM,Thiophanate_methyl,GD-16-1,SB1,7/21/23,7,1,500,1,84,84,79,4901.525375
TopsinM,Thiophanate_methyl,GD-16-1,SB1,7/21/23,7,1,500,2,84,84,79,4901.525375
TopsinM,Thiophanate_methyl,GD-16-1,SB1,7/21/23,7,1,500,3,84,84,79,4901.525375
TopsinM,Thiophanate_methyl,GD-16-1,SB1,7/21/23,7,1,1000,1,84,84,79,4901.525375
TopsinM,Thiophanate_methyl,GD-16-1,SB1,7/21/23,7,1,1000,2,84,84,79,4901.525375
TopsinM,Thiophanate_methyl,GD-16-1,SB1,7/21/23,7,1,1000,3,84,84,79,4901.525375
TopsinM,Thiophanate_methyl,LrwHC-1,SB15,7/21/23,7,1,0,1,84,84,79,4901.525375
TopsinM,Thiophanate_methyl,LrwHC-1,SB15,7/21/23,7,1,0,2,84,84,79,4901.525375
TopsinM,Thiophanate_methyl,LrwHC-1,SB15,7/21/23,7,1,0,3,84,84,79,4901.525375
TopsinM,Thiophanate_methyl,LrwHC-1,SB15,7/21/23,7,1,0.01,1,84,84,79,4901.525375
TopsinM,Thiophanate_methyl,LrwHC-1,SB15,7/21/23,7,1,0.01,2,84,84,79,4901.525375
TopsinM,Thiophanate_methyl,LrwHC-1,SB15,7/21/23,7,1,0.01,3,84,84,79,4901.525375
TopsinM,Thiophanate_methyl,LrwHC-1,SB15,7/21/23,7,1,0.1,1,84,84,79,4901.525375
TopsinM,Thiophanate_methyl,LrwHC-1,SB15,7/21/23,7,1,0.1,2,84,84,79,4901.525375
TopsinM,Thiophanate_methyl,LrwHC-1,SB15,7/21/23,7,1,0.1,3,84,84,79,4901.525375
TopsinM,Thiophanate_methyl,LrwHC-1,SB15,7/21/23,7,1,1,1,84,84,79,4901.525375
TopsinM,Thiophanate_methyl,LrwHC-1,SB15,7/21/23,7,1,1,2,84,84,79,4901.525375
TopsinM,Thiophanate_methyl,LrwHC-1,SB15,7/21/23,7,1,1,3,84,84,79,4901.525375
TopsinM,Thiophanate_methyl,LrwHC-1,SB15,7/21/23,7,1,10,1,76.96,79.44,73.2,4207.020147
TopsinM,Thiophanate_methyl,LrwHC-1,SB15,7/21/23,7,1,10,2,78.74,79.56,74.15,4318.034474
TopsinM,Thiophanate_methyl,LrwHC-1,SB15,7/21/23,7,1,10,3,80.11,80,75.055,4424.213719
TopsinM,Thiophanate_methyl,LrwHC-1,SB15,7/21/23,7,1,100,1,84,84,79,4901.525375
TopsinM,Thiophanate_methyl,LrwHC-1,SB15,7/21/23,7,1,100,2,84,84,79,4901.525375
TopsinM,Thiophanate_methyl,LrwHC-1,SB15,7/21/23,7,1,100,3,84,84,79,4901.525375
TopsinM,Thiophanate_methyl,LrwHC-1,SB15,7/21/23,7,1,500,1,84,84,79,4901.525375
TopsinM,Thiophanate_methyl,LrwHC-1,SB15,7/21/23,7,1,500,2,84,84,79,4901.525375
TopsinM,Thiophanate_methyl,LrwHC-1,SB15,7/21/23,7,1,500,3,84,84,79,4901.525375
TopsinM,Thiophanate_methyl,LrwHC-1,SB15,7/21/23,7,1,1000,1,84,84,79,4901.525375
TopsinM,Thiophanate_methyl,LrwHC-1,SB15,7/21/23,7,1,1000,2,84,84,79,4901.525375
TopsinM,Thiophanate_methyl,LrwHC-1,SB15,7/21/23,7,1,1000,3,84,84,79,4901.525375
TopsinM,Thiophanate_methyl,GD-16-1,SB1,6/25/24,7,2,0,1,84,84,79,4901.525375
TopsinM,Thiophanate_methyl,GD-16-1,SB1,6/25/24,7,2,0,2,84,84,79,4901.525375
TopsinM,Thiophanate_methyl,GD-16-1,SB1,6/25/24,7,2,0,3,84,84,79,4901.525375
TopsinM,Thiophanate_methyl,GD-16-1,SB1,6/25/24,7,2,0.01,1,84,84,79,4901.525375
TopsinM,Thiophanate_methyl,GD-16-1,SB1,6/25/24,7,2,0.01,2,84,84,79,4901.525375
TopsinM,Thiophanate_methyl,GD-16-1,SB1,6/25/24,7,2,0.01,3,84,84,79,4901.525375
TopsinM,Thiophanate_methyl,GD-16-1,SB1,6/25/24,7,2,0.1,1,84,84,79,4901.525375
TopsinM,Thiophanate_methyl,GD-16-1,SB1,6/25/24,7,2,0.1,2,84,84,79,4901.525375
TopsinM,Thiophanate_methyl,GD-16-1,SB1,6/25/24,7,2,0.1,3,84,84,79,4901.525375
TopsinM,Thiophanate_methyl,GD-16-1,SB1,6/25/24,7,2,1,1,84,84,79,4901.525375
TopsinM,Thiophanate_methyl,GD-16-1,SB1,6/25/24,7,2,1,2,84,84,79,4901.525375
TopsinM,Thiophanate_methyl,GD-16-1,SB1,6/25/24,7,2,1,3,84,84,79,4901.525375
TopsinM,Thiophanate_methyl,GD-16-1,SB1,6/25/24,7,2,10,1,84,84,79,4901.525375
TopsinM,Thiophanate_methyl,GD-16-1,SB1,6/25/24,7,2,10,2,84,84,79,4901.525375
TopsinM,Thiophanate_methyl,GD-16-1,SB1,6/25/24,7,2,10,3,84,84,79,4901.525375
TopsinM,Thiophanate_methyl,GD-16-1,SB1,6/25/24,7,2,100,1,84,84,79,4901.525375
TopsinM,Thiophanate_methyl,GD-16-1,SB1,6/25/24,7,2,100,2,84,84,79,4901.525375
TopsinM,Thiophanate_methyl,GD-16-1,SB1,6/25/24,7,2,100,3,84,84,79,4901.525375
TopsinM,Thiophanate_methyl,GD-16-1,SB1,6/25/24,7,2,500,1,84,84,79,4901.525375
TopsinM,Thiophanate_methyl,GD-16-1,SB1,6/25/24,7,2,500,2,84,84,79,4901.525375
TopsinM,Thiophanate_methyl,GD-16-1,SB1,6/25/24,7,2,500,3,84,84,79,4901.525375
TopsinM,Thiophanate_methyl,GD-16-1,SB1,6/25/24,7,2,1000,1,84,84,79,4901.525375
TopsinM,Thiophanate_methyl,GD-16-1,SB1,6/25/24,7,2,1000,2,84,84,79,4901.525375
TopsinM,Thiophanate_methyl,GD-16-1,SB1,6/25/24,7,2,1000,3,84,84,79,4901.525375
TopsinM,Thiophanate_methyl,LrwHC-1,SB15,6/25/24,7,2,0,1,84,84,79,4901.525375
TopsinM,Thiophanate_methyl,LrwHC-1,SB15,6/25/24,7,2,0,2,84,84,79,4901.525375
TopsinM,Thiophanate_methyl,LrwHC-1,SB15,6/25/24,7,2,0,3,84,84,79,4901.525375
TopsinM,Thiophanate_methyl,LrwHC-1,SB15,6/25/24,7,2,0.01,1,84,84,79,4901.525375
TopsinM,Thiophanate_methyl,LrwHC-1,SB15,6/25/24,7,2,0.01,2,84,84,79,4901.525375
TopsinM,Thiophanate_methyl,LrwHC-1,SB15,6/25/24,7,2,0.01,3,84,84,79,4901.525375
TopsinM,Thiophanate_methyl,LrwHC-1,SB15,6/25/24,7,2,0.1,1,84,84,79,4901.525375
TopsinM,Thiophanate_methyl,LrwHC-1,SB15,6/25/24,7,2,0.1,2,84,84,79,4901.525375
TopsinM,Thiophanate_methyl,LrwHC-1,SB15,6/25/24,7,2,0.1,3,84,84,79,4901.525375
TopsinM,Thiophanate_methyl,LrwHC-1,SB15,6/25/24,7,2,1,1,84,84,79,4901.525375
TopsinM,Thiophanate_methyl,LrwHC-1,SB15,6/25/24,7,2,1,2,84,84,79,4901.525375
TopsinM,Thiophanate_methyl,LrwHC-1,SB15,6/25/24,7,2,1,3,84,84,79,4901.525375
TopsinM,Thiophanate_methyl,LrwHC-1,SB15,6/25/24,7,2,10,1,84,84,79,4901.525375
TopsinM,Thiophanate_methyl,LrwHC-1,SB15,6/25/24,7,2,10,2,84,84,79,4901.525375
TopsinM,Thiophanate_methyl,LrwHC-1,SB15,6/25/24,7,2,10,3,84,84,79,4901.525375
TopsinM,Thiophanate_methyl,LrwHC-1,SB15,6/25/24,7,2,100,1,84,84,79,4901.525375
TopsinM,Thiophanate_methyl,LrwHC-1,SB15,6/25/24,7,2,100,2,84,84,79,4901.525375
TopsinM,Thiophanate_methyl,LrwHC-1,SB15,6/25/24,7,2,100,3,84,84,79,4901.525375
TopsinM,Thiophanate_methyl,LrwHC-1,SB15,6/25/24,7,2,500,1,84,84,79,4901.525375
TopsinM,Thiophanate_methyl,LrwHC-1,SB15,6/25/24,7,2,500,2,84,84,79,4901.525375
TopsinM,Thiophanate_methyl,LrwHC-1,SB15,6/25/24,7,2,500,3,84,84,79,4901.525375
TopsinM,Thiophanate_methyl,LrwHC-1,SB15,6/25/24,7,2,1000,1,84,84,79,4901.525375
TopsinM,Thiophanate_methyl,LrwHC-1,SB15,6/25/24,7,2,1000,2,84,84,79,4901.525375
TopsinM,Thiophanate_methyl,LrwHC-1,SB15,6/25/24,7,2,1000,3,84,84,79,4901.525375
Rhyme,Flutriafol,GD-16-1,SB1,7/21/23,7,1,0,1,84,84,79,4901.525375
Rhyme,Flutriafol,GD-16-1,SB1,7/21/23,7,1,0,2,84,84,79,4901.525375
Rhyme,Flutriafol,GD-16-1,SB1,7/21/23,7,1,0,3,84,84,79,4901.525375
Rhyme,Flutriafol,GD-16-1,SB1,7/21/23,7,1,0.01,1,84,84,79,4901.525375
Rhyme,Flutriafol,GD-16-1,SB1,7/21/23,7,1,0.01,2,84,84,79,4901.525375
Rhyme,Flutriafol,GD-16-1,SB1,7/21/23,7,1,0.01,3,84,84,79,4901.525375
Rhyme,Flutriafol,GD-16-1,SB1,7/21/23,7,1,0.1,1,84,84,79,4901.525375
Rhyme,Flutriafol,GD-16-1,SB1,7/21/23,7,1,0.1,2,84,84,79,4901.525375
Rhyme,Flutriafol,GD-16-1,SB1,7/21/23,7,1,0.1,3,84,84,79,4901.525375
Rhyme,Flutriafol,GD-16-1,SB1,7/21/23,7,1,1,1,80.42,71.85,71.135,3959.72488
Rhyme,Flutriafol,GD-16-1,SB1,7/21/23,7,1,1,2,76.9,72.87,69.885,3832.51455
Rhyme,Flutriafol,GD-16-1,SB1,7/21/23,7,1,1,3,79.42,74.41,71.915,4056.848437
Rhyme,Flutriafol,GD-16-1,SB1,7/21/23,7,1,10,1,39.33,42.57,35.95,1012.959475
Rhyme,Flutriafol,GD-16-1,SB1,7/21/23,7,1,10,2,41.07,39.02,35.045,963.734762
Rhyme,Flutriafol,GD-16-1,SB1,7/21/23,7,1,10,3,38.54,39.66,34.1,912.9956102
Rhyme,Flutriafol,GD-16-1,SB1,7/21/23,7,1,100,1,5,5,0,0
Rhyme,Flutriafol,GD-16-1,SB1,7/21/23,7,1,100,2,5,5,0,0
Rhyme,Flutriafol,GD-16-1,SB1,7/21/23,7,1,100,3,5,5,0,0
Rhyme,Flutriafol,GD-16-1,SB1,7/21/23,7,1,500,1,5,5,0,0
Rhyme,Flutriafol,GD-16-1,SB1,7/21/23,7,1,500,2,5,5,0,0
Rhyme,Flutriafol,GD-16-1,SB1,7/21/23,7,1,500,3,5,5,0,0
Rhyme,Flutriafol,GD-16-1,SB1,7/21/23,7,1,1000,1,5,5,0,0
Rhyme,Flutriafol,GD-16-1,SB1,7/21/23,7,1,1000,2,5,5,0,0
Rhyme,Flutriafol,GD-16-1,SB1,7/21/23,7,1,1000,3,5,5,0,0
Rhyme,Flutriafol,LrwHC-1,SB15,7/21/23,7,1,0,1,84,84,79,4901.525375
Rhyme,Flutriafol,LrwHC-1,SB15,7/21/23,7,1,0,2,84,84,79,4901.525375
Rhyme,Flutriafol,LrwHC-1,SB15,7/21/23,7,1,0,3,84,84,79,4901.525375
Rhyme,Flutriafol,LrwHC-1,SB15,7/21/23,7,1,0.01,1,84,84,79,4901.525375
Rhyme,Flutriafol,LrwHC-1,SB15,7/21/23,7,1,0.01,2,84,84,79,4901.525375
Rhyme,Flutriafol,LrwHC-1,SB15,7/21/23,7,1,0.01,3,84,84,79,4901.525375
Rhyme,Flutriafol,LrwHC-1,SB15,7/21/23,7,1,0.1,1,84,84,79,4901.525375
Rhyme,Flutriafol,LrwHC-1,SB15,7/21/23,7,1,0.1,2,84,84,79,4901.525375
Rhyme,Flutriafol,LrwHC-1,SB15,7/21/23,7,1,0.1,3,84,84,79,4901.525375
Rhyme,Flutriafol,LrwHC-1,SB15,7/21/23,7,1,1,1,59.75,62.17,55.96,2458.268909
Rhyme,Flutriafol,LrwHC-1,SB15,7/21/23,7,1,1,2,58.11,60.76,54.435,2325.820206
Rhyme,Flutriafol,LrwHC-1,SB15,7/21/23,7,1,1,3,63.79,62.26,58.025,2643.819957
Rhyme,Flutriafol,LrwHC-1,SB15,7/21/23,7,1,10,1,34.37,35.78,30.075,709.9857542
Rhyme,Flutriafol,LrwHC-1,SB15,7/21/23,7,1,10,2,34.85,34.77,29.81,697.9113204
Rhyme,Flutriafol,LrwHC-1,SB15,7/21/23,7,1,10,3,33.83,33.26,28.545,639.8731289
Rhyme,Flutriafol,LrwHC-1,SB15,7/21/23,7,1,100,1,5,5,0,0
Rhyme,Flutriafol,LrwHC-1,SB15,7/21/23,7,1,100,2,5,5,0,0
Rhyme,Flutriafol,LrwHC-1,SB15,7/21/23,7,1,100,3,5,5,0,0
Rhyme,Flutriafol,LrwHC-1,SB15,7/21/23,7,1,500,1,5,5,0,0
Rhyme,Flutriafol,LrwHC-1,SB15,7/21/23,7,1,500,2,5,5,0,0
Rhyme,Flutriafol,LrwHC-1,SB15,7/21/23,7,1,500,3,5,5,0,0
Rhyme,Flutriafol,LrwHC-1,SB15,7/21/23,7,1,1000,1,5,5,0,0
Rhyme,Flutriafol,LrwHC-1,SB15,7/21/23,7,1,1000,2,5,5,0,0
Rhyme,Flutriafol,LrwHC-1,SB15,7/21/23,7,1,1000,3,5,5,0,0
Rhyme,Flutriafol,GD-16-1,SB1,6/25/24,7,2,0,1,84,84,79,4901.525375
Rhyme,Flutriafol,GD-16-1,SB1,6/25/24,7,2,0,2,84,84,79,4901.525375
Rhyme,Flutriafol,GD-16-1,SB1,6/25/24,7,2,0,3,84,84,79,4901.525375
Rhyme,Flutriafol,GD-16-1,SB1,6/25/24,7,2,0.01,1,84,84,79,4901.525375
Rhyme,Flutriafol,GD-16-1,SB1,6/25/24,7,2,0.01,2,84,84,79,4901.525375
Rhyme,Flutriafol,GD-16-1,SB1,6/25/24,7,2,0.01,3,84,84,79,4901.525375
Rhyme,Flutriafol,GD-16-1,SB1,6/25/24,7,2,0.1,1,84,84,79,4901.525375
Rhyme,Flutriafol,GD-16-1,SB1,6/25/24,7,2,0.1,2,84,84,79,4901.525375
Rhyme,Flutriafol,GD-16-1,SB1,6/25/24,7,2,0.1,3,84,84,79,4901.525375
Rhyme,Flutriafol,GD-16-1,SB1,6/25/24,7,2,1,1,55.6,84,64.8,3139.458025
Rhyme,Flutriafol,GD-16-1,SB1,6/25/24,7,2,1,2,82.74,75.79,74.265,4322.087166
Rhyme,Flutriafol,GD-16-1,SB1,6/25/24,7,2,1,3,81.9,80.21,76.055,4542.333333
Rhyme,Flutriafol,GD-16-1,SB1,6/25/24,7,2,10,1,45.5,45.3,40.4,1281.849806
Rhyme,Flutriafol,GD-16-1,SB1,6/25/24,7,2,10,2,42.24,40.98,36.61,1052.320193
Rhyme,Flutriafol,GD-16-1,SB1,6/25/24,7,2,10,3,41.84,40.61,36.225,1030.311786
Rhyme,Flutriafol,GD-16-1,SB1,6/25/24,7,2,100,1,5,5,0,0
Rhyme,Flutriafol,GD-16-1,SB1,6/25/24,7,2,100,2,5,5,0,0
Rhyme,Flutriafol,GD-16-1,SB1,6/25/24,7,2,100,3,5,5,0,0
Rhyme,Flutriafol,GD-16-1,SB1,6/25/24,7,2,500,1,5,5,0,0
Rhyme,Flutriafol,GD-16-1,SB1,6/25/24,7,2,500,2,5,5,0,0
Rhyme,Flutriafol,GD-16-1,SB1,6/25/24,7,2,500,3,5,5,0,0
Rhyme,Flutriafol,GD-16-1,SB1,6/25/24,7,2,1000,1,5,5,0,0
Rhyme,Flutriafol,GD-16-1,SB1,6/25/24,7,2,1000,2,5,5,0,0
Rhyme,Flutriafol,GD-16-1,SB1,6/25/24,7,2,1000,3,5,5,0,0
Rhyme,Flutriafol,LrwHC-1,SB15,6/25/24,7,2,0,1,84,84,79,4901.525375
Rhyme,Flutriafol,LrwHC-1,SB15,6/25/24,7,2,0,2,84,84,79,4901.525375
Rhyme,Flutriafol,LrwHC-1,SB15,6/25/24,7,2,0,3,84,84,79,4901.525375
Rhyme,Flutriafol,LrwHC-1,SB15,6/25/24,7,2,0.01,1,84,84,79,4901.525375
Rhyme,Flutriafol,LrwHC-1,SB15,6/25/24,7,2,0.01,2,84,84,79,4901.525375
Rhyme,Flutriafol,LrwHC-1,SB15,6/25/24,7,2,0.01,3,84,84,79,4901.525375
Rhyme,Flutriafol,LrwHC-1,SB15,6/25/24,7,2,0.1,1,84,84,79,4901.525375
Rhyme,Flutriafol,LrwHC-1,SB15,6/25/24,7,2,0.1,2,84,84,79,4901.525375
Rhyme,Flutriafol,LrwHC-1,SB15,6/25/24,7,2,0.1,3,84,84,79,4901.525375
Rhyme,Flutriafol,LrwHC-1,SB15,6/25/24,7,2,1,1,62.9,62,57.45,2591.973113
Rhyme,Flutriafol,LrwHC-1,SB15,6/25/24,7,2,1,2,47.49,46.04,41.765,1369.528757
Rhyme,Flutriafol,LrwHC-1,SB15,6/25/24,7,2,1,3,59.6,58.23,53.915,2282.580914
Rhyme,Flutriafol,LrwHC-1,SB15,6/25/24,7,2,10,1,41.47,40.55,36.01,1018.245363
Rhyme,Flutriafol,LrwHC-1,SB15,6/25/24,7,2,10,2,30,32.3,26.15,536.0184375
Rhyme,Flutriafol,LrwHC-1,SB15,6/25/24,7,2,10,3,33.41,32.42,27.915,611.8088528
Rhyme,Flutriafol,LrwHC-1,SB15,6/25/24,7,2,100,1,5,5,0,0
Rhyme,Flutriafol,LrwHC-1,SB15,6/25/24,7,2,100,2,5,5,0,0
Rhyme,Flutriafol,LrwHC-1,SB15,6/25/24,7,2,100,3,5,5,0,0
Rhyme,Flutriafol,LrwHC-1,SB15,6/25/24,7,2,500,1,5,5,0,0
Rhyme,Flutriafol,LrwHC-1,SB15,6/25/24,7,2,500,2,5,5,0,0
Rhyme,Flutriafol,LrwHC-1,SB15,6/25/24,7,2,500,3,5,5,0,0
Rhyme,Flutriafol,LrwHC-1,SB15,6/25/24,7,2,1000,1,5,5,0,0
Rhyme,Flutriafol,LrwHC-1,SB15,6/25/24,7,2,1000,2,5,5,0,0
Rhyme,Flutriafol,LrwHC-1,SB15,6/25/24,7,2,1000,3,5,5,0,0
Vellum Prime,Fluopyram,GD-16-1,SB1,7/21/23,7,1,0,1,84,84,79,4901.525375
Vellum Prime,Fluopyram,GD-16-1,SB1,7/21/23,7,1,0,2,84,84,79,4901.525375
Vellum Prime,Fluopyram,GD-16-1,SB1,7/21/23,7,1,0,3,84,84,79,4901.525375
Vellum Prime,Fluopyram,GD-16-1,SB1,7/21/23,7,1,0.01,1,84,84,79,4901.525375
Vellum Prime,Fluopyram,GD-16-1,SB1,7/21/23,7,1,0.01,2,84,84,79,4901.525375
Vellum Prime,Fluopyram,GD-16-1,SB1,7/21/23,7,1,0.01,3,84,84,79,4901.525375
Vellum Prime,Fluopyram,GD-16-1,SB1,7/21/23,7,1,0.1,1,84,84,79,4901.525375
Vellum Prime,Fluopyram,GD-16-1,SB1,7/21/23,7,1,0.1,2,84,84,79,4901.525375
Vellum Prime,Fluopyram,GD-16-1,SB1,7/21/23,7,1,0.1,3,84,84,79,4901.525375
Vellum Prime,Fluopyram,GD-16-1,SB1,7/21/23,7,1,1,1,84,84,79,4901.525375
Vellum Prime,Fluopyram,GD-16-1,SB1,7/21/23,7,1,1,2,84,84,79,4901.525375
Vellum Prime,Fluopyram,GD-16-1,SB1,7/21/23,7,1,1,3,84,84,79,4901.525375
Vellum Prime,Fluopyram,GD-16-1,SB1,7/21/23,7,1,10,1,84,84,79,4901.525375
Vellum Prime,Fluopyram,GD-16-1,SB1,7/21/23,7,1,10,2,84,84,79,4901.525375
Vellum Prime,Fluopyram,GD-16-1,SB1,7/21/23,7,1,10,3,84,84,79,4901.525375
Vellum Prime,Fluopyram,GD-16-1,SB1,7/21/23,7,1,100,1,84,84,79,4901.525375
Vellum Prime,Fluopyram,GD-16-1,SB1,7/21/23,7,1,100,2,84,84,79,4901.525375
Vellum Prime,Fluopyram,GD-16-1,SB1,7/21/23,7,1,100,3,84,84,79,4901.525375
Vellum Prime,Fluopyram,GD-16-1,SB1,7/21/23,7,1,500,1,84,84,79,4901.525375
Vellum Prime,Fluopyram,GD-16-1,SB1,7/21/23,7,1,500,2,84,84,79,4901.525375
Vellum Prime,Fluopyram,GD-16-1,SB1,7/21/23,7,1,500,3,78.57,84,76.285,4564.623061
Vellum Prime,Fluopyram,GD-16-1,SB1,7/21/23,7,1,1000,1,84,76.31,75.155,4424.402209
Vellum Prime,Fluopyram,GD-16-1,SB1,7/21/23,7,1,1000,2,83.33,79.08,76.205,4557.284831
Vellum Prime,Fluopyram,GD-16-1,SB1,7/21/23,7,1,1000,3,82.73,84,78.365,4822.728701
Vellum Prime,Fluopyram,LrwHC-1,SB15,7/21/23,7,1,0,1,84,84,79,4901.525375
Vellum Prime,Fluopyram,LrwHC-1,SB15,7/21/23,7,1,0,2,84,84,79,4901.525375
Vellum Prime,Fluopyram,LrwHC-1,SB15,7/21/23,7,1,0,3,84,84,79,4901.525375
Vellum Prime,Fluopyram,LrwHC-1,SB15,7/21/23,7,1,0.01,1,84,84,79,4901.525375
Vellum Prime,Fluopyram,LrwHC-1,SB15,7/21/23,7,1,0.01,2,84,84,79,4901.525375
Vellum Prime,Fluopyram,LrwHC-1,SB15,7/21/23,7,1,0.01,3,84,84,79,4901.525375
Vellum Prime,Fluopyram,LrwHC-1,SB15,7/21/23,7,1,0.1,1,84,84,79,4901.525375
Vellum Prime,Fluopyram,LrwHC-1,SB15,7/21/23,7,1,0.1,2,84,84,79,4901.525375
Vellum Prime,Fluopyram,LrwHC-1,SB15,7/21/23,7,1,0.1,3,84,84,79,4901.525375
Vellum Prime,Fluopyram,LrwHC-1,SB15,7/21/23,7,1,1,1,84,84,79,4901.525375
Vellum Prime,Fluopyram,LrwHC-1,SB15,7/21/23,7,1,1,2,84,84,79,4901.525375
Vellum Prime,Fluopyram,LrwHC-1,SB15,7/21/23,7,1,1,3,84,84,79,4901.525375
Vellum Prime,Fluopyram,LrwHC-1,SB15,7/21/23,7,1,10,1,84,84,79,4901.525375
Vellum Prime,Fluopyram,LrwHC-1,SB15,7/21/23,7,1,10,2,84,84,79,4901.525375
Vellum Prime,Fluopyram,LrwHC-1,SB15,7/21/23,7,1,10,3,84,84,79,4901.525375
Vellum Prime,Fluopyram,LrwHC-1,SB15,7/21/23,7,1,100,1,84,84,79,4901.525375
Vellum Prime,Fluopyram,LrwHC-1,SB15,7/21/23,7,1,100,2,84,84,79,4901.525375
Vellum Prime,Fluopyram,LrwHC-1,SB15,7/21/23,7,1,100,3,81.25,82.71,76.98,4653.651208
Vellum Prime,Fluopyram,LrwHC-1,SB15,7/21/23,7,1,500,1,84,84,79,4901.525375
Vellum Prime,Fluopyram,LrwHC-1,SB15,7/21/23,7,1,500,2,84,84,79,4901.525375
Vellum Prime,Fluopyram,LrwHC-1,SB15,7/21/23,7,1,500,3,80.22,82.42,76.32,4573.656759
Vellum Prime,Fluopyram,LrwHC-1,SB15,7/21/23,7,1,1000,1,80.64,80.81,75.725,4503.551045
Vellum Prime,Fluopyram,LrwHC-1,SB15,7/21/23,7,1,1000,2,83.03,73.7,73.365,4210.129133
Vellum Prime,Fluopyram,LrwHC-1,SB15,7/21/23,7,1,1000,3,83.75,73.27,73.51,4222.382161
Vellum Prime,Fluopyram,GD-16-1,SB1,6/25/24,7,2,0,1,84,84,79,4901.525375
Vellum Prime,Fluopyram,GD-16-1,SB1,6/25/24,7,2,0,2,84,84,79,4901.525375
Vellum Prime,Fluopyram,GD-16-1,SB1,6/25/24,7,2,0,3,84,84,79,4901.525375
Vellum Prime,Fluopyram,GD-16-1,SB1,6/25/24,7,2,0.01,1,84,84,79,4901.525375
Vellum Prime,Fluopyram,GD-16-1,SB1,6/25/24,7,2,0.01,2,84,84,79,4901.525375
Vellum Prime,Fluopyram,GD-16-1,SB1,6/25/24,7,2,0.01,3,84,84,79,4901.525375
Vellum Prime,Fluopyram,GD-16-1,SB1,6/25/24,7,2,0.1,1,84,84,79,4901.525375
Vellum Prime,Fluopyram,GD-16-1,SB1,6/25/24,7,2,0.1,2,84,84,79,4901.525375
Vellum Prime,Fluopyram,GD-16-1,SB1,6/25/24,7,2,0.1,3,84,84,79,4901.525375
Vellum Prime,Fluopyram,GD-16-1,SB1,6/25/24,7,2,1,1,84,84,79,4901.525375
Vellum Prime,Fluopyram,GD-16-1,SB1,6/25/24,7,2,1,2,84,84,79,4901.525375
Vellum Prime,Fluopyram,GD-16-1,SB1,6/25/24,7,2,1,3,84,84,79,4901.525375
Vellum Prime,Fluopyram,GD-16-1,SB1,6/25/24,7,2,10,1,84,84,79,4901.525375
Vellum Prime,Fluopyram,GD-16-1,SB1,6/25/24,7,2,10,2,84,84,79,4901.525375
Vellum Prime,Fluopyram,GD-16-1,SB1,6/25/24,7,2,10,3,84,84,79,4901.525375
Vellum Prime,Fluopyram,GD-16-1,SB1,6/25/24,7,2,100,1,84,84,79,4901.525375
Vellum Prime,Fluopyram,GD-16-1,SB1,6/25/24,7,2,100,2,84,84,79,4901.525375
Vellum Prime,Fluopyram,GD-16-1,SB1,6/25/24,7,2,100,3,84,84,79,4901.525375
Vellum Prime,Fluopyram,GD-16-1,SB1,6/25/24,7,2,500,1,84,84,79,4901.525375
Vellum Prime,Fluopyram,GD-16-1,SB1,6/25/24,7,2,500,2,82.77,84,78.385,4825.210486
Vellum Prime,Fluopyram,GD-16-1,SB1,6/25/24,7,2,500,3,84,84,79,4901.525375
Vellum Prime,Fluopyram,GD-16-1,SB1,6/25/24,7,2,1000,1,76.15,84,75.075,4414.475069
Vellum Prime,Fluopyram,GD-16-1,SB1,6/25/24,7,2,1000,2,76.94,80.05,73.495,4240.315806
Vellum Prime,Fluopyram,GD-16-1,SB1,6/25/24,7,2,1000,3,83.69,84,78.845,4882.291541
Vellum Prime,Fluopyram,LrwHC-1,SB15,6/25/24,7,2,0,1,84,84,79,4901.525375
Vellum Prime,Fluopyram,LrwHC-1,SB15,6/25/24,7,2,0,2,84,84,79,4901.525375
Vellum Prime,Fluopyram,LrwHC-1,SB15,6/25/24,7,2,0,3,84,84,79,4901.525375
Vellum Prime,Fluopyram,LrwHC-1,SB15,6/25/24,7,2,0.01,1,84,84,79,4901.525375
Vellum Prime,Fluopyram,LrwHC-1,SB15,6/25/24,7,2,0.01,2,84,84,79,4901.525375
Vellum Prime,Fluopyram,LrwHC-1,SB15,6/25/24,7,2,0.01,3,84,84,79,4901.525375
Vellum Prime,Fluopyram,LrwHC-1,SB15,6/25/24,7,2,0.1,1,84,84,79,4901.525375
Vellum Prime,Fluopyram,LrwHC-1,SB15,6/25/24,7,2,0.1,2,84,84,79,4901.525375
Vellum Prime,Fluopyram,LrwHC-1,SB15,6/25/24,7,2,0.1,3,84,84,79,4901.525375
Vellum Prime,Fluopyram,LrwHC-1,SB15,6/25/24,7,2,1,1,84,84,79,4901.525375
Vellum Prime,Fluopyram,LrwHC-1,SB15,6/25/24,7,2,1,2,84,84,79,4901.525375
Vellum Prime,Fluopyram,LrwHC-1,SB15,6/25/24,7,2,1,3,84,84,79,4901.525375
Vellum Prime,Fluopyram,LrwHC-1,SB15,6/25/24,7,2,10,1,84,84,79,4901.525375
Vellum Prime,Fluopyram,LrwHC-1,SB15,6/25/24,7,2,10,2,84,84,79,4901.525375
Vellum Prime,Fluopyram,LrwHC-1,SB15,6/25/24,7,2,10,3,84,84,79,4901.525375
Vellum Prime,Fluopyram,LrwHC-1,SB15,6/25/24,7,2,100,1,84,84,79,4901.525375
Vellum Prime,Fluopyram,LrwHC-1,SB15,6/25/24,7,2,100,2,84,84,79,4901.525375
Vellum Prime,Fluopyram,LrwHC-1,SB15,6/25/24,7,2,100,3,79.24,84,76.62,4606.19296
Vellum Prime,Fluopyram,LrwHC-1,SB15,6/25/24,7,2,500,1,84,84,79,4901.525375
Vellum Prime,Fluopyram,LrwHC-1,SB15,6/25/24,7,2,500,2,84,84,79,4901.525375
Vellum Prime,Fluopyram,LrwHC-1,SB15,6/25/24,7,2,500,3,84,84,79,4901.525375
Vellum Prime,Fluopyram,LrwHC-1,SB15,6/25/24,7,2,1000,1,81.58,82.07,76.825,4635.299429
Vellum Prime,Fluopyram,LrwHC-1,SB15,6/25/24,7,2,1000,2,84,84,79,4901.525375
Vellum Prime,Fluopyram,LrwHC-1,SB15,6/25/24,7,2,1000,3,83.27,84,78.635,4856.232799
